matchId,gameMode,gameType,gameStartDate,gameDuration,summonnersPuuid,championList
EUW1_7187490893,CLASSIC,420,2024-11-15 17:25:16.206000,32,"['pR0zg-Fh8hGHLZ5YKGjhjv6oqmmBZZZDlWJY5raSIPO7Hiz1cYObOI2Inxs-b4C37gtzpBd_Z8xhng', 'm6iPmgW5IMt2C1NxANmQP0R2GiHRwjBgXsZukNAGTEQYL6IV6I0xh3ApJabGYn93Zfib6jZjZyHGaA', '_lSmheWpt_MQTs2Tm_EaJsKgAyuyzuE5gkAZ5hw-X1F8lUPBagOiVQdDP7mxPnX-7w9RjPbTsBiCWg', 'Tz7XMN7rYzJLnTwqDznPmgC6E1eYECx4-FS6JmGqgwqysCQH1STuGlWQjOAJ0Pe-NqHfXVCsLQXPeQ', 'm6Gt-A_U7vRWaO219CV4y4bm1XN84H0t_5nW2eOVuofjgwrkVVXWrreK2qZIMgB9LznhJnT0KuMyKg', 'AvA-7dqR_m-hrHL7WBi3eSv063rc40aViJ911D79i8_mWFtndmLlLHxDJsbgaTSGOtOVzbs3Cf9LJA', 'y3lsDBn47v9vpMTdmid-1wouzkJuSvguQM6JyykyDZYRxRfj7VUAHfzz6r8fY4Y3H2_GAR6dFbq8wg', 'T_eGa8WZ2ZB1Qy9oTHmIf9yuqiLINYN3AwVwGBe8Xhh9XM6neBiZoKmVKac0KgrkkWyUWciM7A6n4Q', 'WvpnYa-f8o1WtI5tiM2Vc32nk_pMpC5JNfNErPRChBVVSN9Ur9Lnc-32AFGl2gesIThoBtkEMoZcpQ', '9rDomfl3tx9b3nU-oQPG8U5a9cLaDsB2HEXPepet80rDnJJFuiupA6BuiDfd8lwcmynMmeHdOeECsA']","['Darius', 'Skarner', 'Seraphine', 'Yasuo', 'Blitzcrank', 'Nasus', 'XinZhao', 'Vex', 'Jhin', 'Senna']"
EUW1_7187434964,CLASSIC,420,2024-11-15 16:38:33.049000,39,"['2WN-VLQk_1aR8QNOYdH11rC3vgCRY-O5R6hmEWUr5a4Dz0d0LAynG80NoT1nVqQMgVH19c_-3bwL3Q', 'Kmo9uLNEXnSHHQJcFQiUtcfXsvUcMy9xzSIk-Y3sb1XakckISljylihvEcRXpKVXhgTOis7WoOiGXg', 'm6dfgwVU3suyTZQhyvMNqBDS8vLwortEMVAj1X62yeuOKXEfvVzzpan-aIiXQahUkzF6ItR8pvUCCA', 'ascbC5gQi3MwxmI25uHY860-hMUIVCmuChayk1O8EjKPAedA7nXwgA0Z5tND3FxwNpAnch_hocsbaw', 'SPt2Tu4Mfs5z8gxUxtSlSG5EZlk1sJcEpqOlcM-RLa-TBY-4FkxNfTsk9IDEPwpdyLceleCoOOpXKQ', 'L1NyAfuFm_uBzo_IundTBnFykDY-um_lxQFa_kOhZ25z7qJg69Voodwr0oF9qTtFU-mjS9n0r9aIMQ', 'SrcVdsj510RyC8MRouAQEhd6Srr2PwTGQMEx7lc6pdeiIV77tu1HVnzOpOjSu5mD_gqdO2Z2e1A3Ug', 'm6Gt-A_U7vRWaO219CV4y4bm1XN84H0t_5nW2eOVuofjgwrkVVXWrreK2qZIMgB9LznhJnT0KuMyKg', 'HyOuuzMEUYOHQfNvmi8iEzxDolzZLuRHJzq68g4I4nQW3dF0Pkg-Fdl0XoxfdyFccCxOyt6XKKQM0w', 'Tz7XMN7rYzJLnTwqDznPmgC6E1eYECx4-FS6JmGqgwqysCQH1STuGlWQjOAJ0Pe-NqHfXVCsLQXPeQ']","['Warwick', 'Teemo', 'Zed', 'Caitlyn', 'Lux', 'Aurora', 'Darius', 'Jayce', 'Ezreal', 'Morgana']"
EUW1_7184458376,CLASSIC,420,2024-11-12 19:51:38.500000,46,"['rVqBIQmt-LxxBH0KI6p6btDaQ3nGcgoRhjPXqHrlIC76ZDDuq6pU1jrsrlIpZjbxjIMj5DLTjeXbSg', 'OU0GUubQ6iPb_19XprpHbnvt7R8pllFqVcjnf2orP14x8eZpKg2t9d9uwTGKXqeeHqmOX42l7UvDNw', 'm6Gt-A_U7vRWaO219CV4y4bm1XN84H0t_5nW2eOVuofjgwrkVVXWrreK2qZIMgB9LznhJnT0KuMyKg', '0P3FnatiRfzCdAUEN8DKBbp2qTc56NFoGK8qJOjawuUOgVCQCqYsXq--VzO7mcMMVXenHjqTaBN7oQ', 'Tz7XMN7rYzJLnTwqDznPmgC6E1eYECx4-FS6JmGqgwqysCQH1STuGlWQjOAJ0Pe-NqHfXVCsLQXPeQ', 'FWYH6r6yvwd4oe-SjNkhGLr1KwKdhXeQ9w_SkKPL8vARPeWYmWSFPan3T4TxbYuK8cP5hvLt_WhMPg', 'oarW4KOxQxqVs_GZ9Z1SPdyE4PZGfzne4tLuf_WKKt8K9M4y72BodNZPGlLYcVn2dEYvMObUjRkr5Q', 'I-PCyCWz_mR3j5ym9uvO4yKuGwTlcVQfMTauQEJROFfpYlPgQpy8ySTFy4g0nbrLfgXQuR8esWfZKg', 'uSZfw4W1nlSFrntkqCyU39NUZrkJemMEpm1gTGFOG5cMXU_yqS4Lrc0b40nplsvir2u_eS09epVnXw', 'DccqaVHR2Ch--_YR1RhBSc5wOt9GbvgwpwM2TVDF_NzQ9rZOSHAGZA21K5ysMd-G4GJghQEU8LUF3w']","['Jax', 'Graves', 'Xerath', 'MissFortune', 'Lux', 'DrMundo', 'Teemo', 'Katarina', 'Caitlyn', 'Rakan']"
EUW1_7180497035,CLASSIC,420,2024-11-09 16:53:33.106000,27,"['gsX32KPV_GtEYUMK_c0MOQrEEQV11fPCcpPVEndnc4MxERBJRQliWrpU-HcrwM2F7vLt5XGJ4v8QNg', 'fvmquTUh-NGe2l8QLOC6H2Ltdi6qMCG2dsvvbB4YFHeEKomzXivtlV8qJViueGFFLoK9ZbcyUHkeNA', 'igD-5h6Hw6MbKMYlCUpXPiTb5rBC0_npdolWVEclwtpMlZo6HH1OjsK83M-YvcOnyaEHJyy9t_H7IA', 'qNn7WgjlQEESDRBlSNrQC7ZhNihbPRvBNLvBA_FDuvEu8uXnQB8gIpr0des0fEC-DfWMouR1mr9Ymw', 'itBKxpz2Ets7U1YtZTl9nBlRrbMozjEWL2RoI-SLWyD0h_1RJy9BECSpDmFRxkjRmVVBDPoaTq0-dQ', 'k6xZ9QDZW_EM1-Oz9lcaXts5ldtUtyrQMBkBb3_7BOWlhQPRDZKpogeDiQ_LPT0ijh-0DbLR6qTqug', 'IqPIlm5wLB0Xnet-njb9xFQ8e7Nim6e78FngiRhNV8m-TxGPNifWyVNMr_jutidAvhBKUf0xWH3Wiw', 'm6Gt-A_U7vRWaO219CV4y4bm1XN84H0t_5nW2eOVuofjgwrkVVXWrreK2qZIMgB9LznhJnT0KuMyKg', '-oO2aU2ule1XVgOinV6x-OZJDhQi5oNEeVr8Iee6ZBntj9pdmATUUO-gnoavmjF-7UIpTyqH4m4HbA', 'Tz7XMN7rYzJLnTwqDznPmgC6E1eYECx4-FS6JmGqgwqysCQH1STuGlWQjOAJ0Pe-NqHfXVCsLQXPeQ']","['Urgot', 'Amumu', 'Akshan', 'MissFortune', 'Janna', 'Mordekaiser', 'Kayn', 'Xerath', 'Caitlyn', 'Morgana']"
EUW1_7180468095,CLASSIC,420,2024-11-09 16:31:30.012000,15,"['Sf4I8Tw8v8UC-mg9lkJv8Ymx7eODZLLYtvmqW0jheilIXXdztMeoN96Iv8KMv39gWpm6N3P_07uTFg', 'w8fEv5et5v6brkF2zuW-IpzRC5kii_ocOnuzNMI-A-GQWADVkb3PWv5bpYwFIOUygfpey0L-qK8s7w', 'm6Gt-A_U7vRWaO219CV4y4bm1XN84H0t_5nW2eOVuofjgwrkVVXWrreK2qZIMgB9LznhJnT0KuMyKg', 'JGVb2aJ1cUdzBFoQV7Ubn3XAGoLf7j0of1jFu-bzCXqMi11ePWHBqI5z176Aximd-mXDa2v6XHFXbA', 'Tz7XMN7rYzJLnTwqDznPmgC6E1eYECx4-FS6JmGqgwqysCQH1STuGlWQjOAJ0Pe-NqHfXVCsLQXPeQ', 'ljUhj_GrlPvSesEvFDpA4TLC0uZwkklvzjBHdTe0Xx7aCfEno91-NkiFaZQbq7UxNhJi9NGeMqCXww', '_uqQG7UDe4DK368foD-ZTAO3CtvkbAGtKMtXZc2zFz7fyGvgg2GdQVWt7h5VsHDD9elwjPxb2blBzQ', 'Y-FkAxEttALbUaImBJV3g9Q9dJNj9ypa-DQ7X51l9F9Tx1SnwwnBh5zsJVnUnX1fenmwfulLnD-HcA', '36Zx1hDkI81VI_UQ0c0bAxI_dK2J9VmkAP6FlcasBFfHRn0b5eC7MzUFu-2kC3h92R9cmd27M5mSnw', 'd9Zl-l9YEE7wVy57UBq2e8BEW3nLjFuqTyYQrBxumXgzneBdb4pg8aPIwNwSkiwzV2WaGFzmsSgJlQ']","['Darius', 'Vi', 'Ahri', 'MissFortune', 'Janna', 'Pantheon', 'Khazix', 'Kassadin', 'Ashe', 'Pyke']"
EUW1_7180444668,CLASSIC,420,2024-11-09 16:08:50.902000,16,"['yVFp3u1N2roaQ-QSZjTZeI4a5FOscq8q-qtL580pNN4DGvIecZPlN3J0KbCVETegb_uxb6MKrpt0SA', 'AGPCbL70hYu-YbkubyvE-OerAsyv33plWwVl_6pZ8wEiu1Q2JUSqG8XdctEUkyef__ZJ3i1gcY4msg', '9UdSzK0_acOnZnedlYZDAG_WVS0gbeYAE6ESLfIT9vBCVBD5sLEHRabzP5OUBYiKwNyypZUjYlNSUg', 'RSykGBCiFPmvKeFEBAV8av_RyGvAip0mjrgWacmi-jqS0tJuJRUEcRdM3cMWeyxCdWZ3frg_1Gi94w', 'qJ1EODwjVu3-dmG6p7-kDMQj5KPX9T616RfCSJGi3dAmyvRyFpwb-IZ4JNvhhEaRF4EmI5DjD8RdhA', 'Xtv7LUSCIKPn0te3TsidCmg8c1KNBl6dQMauGyB2Xk4ofszrMZB4CuKpKx34vLykcxUfPcPkzgHU2A', 'YfACj_Y5s_TtSWY6GK_erWW8lcP4SEeWhM5T3pSdKcgx6RzRjZ9YNdASyKJfJ2Rrci2cQTaUPCw3UA', 'm6Gt-A_U7vRWaO219CV4y4bm1XN84H0t_5nW2eOVuofjgwrkVVXWrreK2qZIMgB9LznhJnT0KuMyKg', 'YJe_zifm9Z2Z6-ZNfI_UHQ7_z2XRuy9-RhJlGcgLxQnq4sQiwk9fFDx7Bs9vqO-JJmBCsXXKX0-uPw', 'Tz7XMN7rYzJLnTwqDznPmgC6E1eYECx4-FS6JmGqgwqysCQH1STuGlWQjOAJ0Pe-NqHfXVCsLQXPeQ']","['Yone', 'Viego', 'Akali', 'MissFortune', 'Lux', 'Malphite', 'LeeSin', 'Ahri', 'Lucian', 'Seraphine']"
EUW1_7177111566,CLASSIC,420,2024-11-06 19:55:58.763000,35,"['8qMxGZQ3PPpfO54_29kS_Rten3guqLfOQdqF0fEk81YInT5UsQvaQSt6c75Z1kyJ85Efj2E2BUVPSg', 'KZ_BoTHFssz62E6qFsBdhuc1f1khcDjiYSoPCfZlXs8lgopr39cI_0tj3RI24wEKnmG31Kw4Uq2Iww', 'm6Gt-A_U7vRWaO219CV4y4bm1XN84H0t_5nW2eOVuofjgwrkVVXWrreK2qZIMgB9LznhJnT0KuMyKg', '1kGm8h9RsV-EZvMUWGrYg7aedOs4J3EBvpeN46aCYmiUs5LA41Y2gK4Bm2FuUdEm8Eeila1CFAuGLw', 'Tz7XMN7rYzJLnTwqDznPmgC6E1eYECx4-FS6JmGqgwqysCQH1STuGlWQjOAJ0Pe-NqHfXVCsLQXPeQ', 'fZoJupE7VUDII9vrj7JITcflFCcUQqzFHYzTBbJn-jYacVuwrBshw3oR86BW40CjOGEMuImiH7U4Ew', 'TA4enMCCao-0OZ2GZpwWskPlurRw4pSKkgRHWbHLXjMAPKg8cLjA4OZ5UG001xcVd7kg_0oXHa4kTg', '7rJXOhY6YTkF0YyJDMwzmYB7nGeIA7wbWM8vq_HvW1VHEpuc_LS5C68aAz1DR8Op8_rrkneDLpTzSA', 'd5-Cm7jR01FacIjMo7CtnrszctPl1zUhPR0KMhyeYZGuy_UqOR0nDr31A2QvU0ODbOu2i6L6-5Qwfw', 'wz5Fa4bNDda8lEuHDPVZy2A-EtsX3Iic4pbkG9ANVyPbnO0R1J4Sy9KVlnf7AvaABVkv6x7ydJf2wQ']","['Tryndamere', 'Amumu', 'Ahri', 'Caitlyn', 'Janna', 'Malphite', 'Elise', 'Yone', 'MissFortune', 'Thresh']"
EUW1_7177042720,CLASSIC,420,2024-11-06 19:20:02.121000,31,"['gEXXgdXU82Sfu5-2YawVAUUycKCXuqRWXfryfh4dwIWcSg5Q93M42w5OSTTS1GDySjXR06XQwdMaSA', 'FEmc60hZPssWtcYCc0ZqXy7tBGqCVEiLzEDts1QcRfYYtmuitBZi2K-Ke4R5VKU1F-P7xzGftyGiBw', 'K7XmeMWAMTu9JCQoIhBiQa93G65uV_9YeWl2RlHVa_9Yc35PzR8MQ7h9q_u-5bC3iFEt50cDSNi_9g', 'm6Gt-A_U7vRWaO219CV4y4bm1XN84H0t_5nW2eOVuofjgwrkVVXWrreK2qZIMgB9LznhJnT0KuMyKg', 'Tz7XMN7rYzJLnTwqDznPmgC6E1eYECx4-FS6JmGqgwqysCQH1STuGlWQjOAJ0Pe-NqHfXVCsLQXPeQ', 'aHd3u2m4gR1HSpSNHlETkdHT9uaEchqPq1kksxY3QZNkvI1GV9QbtjJAediGbo1aXgBz07ZTsw7mIg', 'VJ31t2yc2XqHcI7I_ClWXEvbSCjCsgabeUWeqNT3ZOWU6W4qQ-QZXe07_L-8JD-ENPjemiZc_24_KA', 'E9iM9WpXCRiwZDIGqUXJCt1wcg5IFJEHiZVG8U02E5o9TKqaTMUrPMKYGksed8e-0vIwul0Y6Wltgg', '4hwrrXfI3hnsXg_hZ-FgkSM_wuHvmMlLV_mVJE8vqRNrfU2OrM2p-aXxO_MNw1hcNIsJCfR3ENv02A', 'bsJfjFCCdlEWcNYQ_--twVwBqp-zaFvMP28ugUXywv95wzY94vJ9UZv7oBFVXo-tD5vWqWrk1xw-DA']","['MonkeyKing', 'Warwick', 'Cassiopeia', 'Lucian', 'Nami', 'Urgot', 'Volibear', 'AurelionSol', 'Lux', 'Blitzcrank']"
EUW1_7125975688,CLASSIC,440,2024-09-21 12:06:06.607000,34,"['Nl7MMirBoi98bSImUkp5zg6Nqw7_2y565in68smFF3tRGyLxwJhxktgiZ75F3K1euKHaqBsJQR5XxA', '8LI64wkOtV2Uv2s_tKJ18oW-OmZNs_U0Mj5bwuIocvg4qqJ2EtR_-dy9Sf8nIVNaV7ogR4_6bebsZg', 'wnczozn2WssVvMcGlzgDLWMvaFzskqjvlO1_cddvLd2wbxxvYMnAwrJufIXdcI1pUs6tFvYui1hQ-g', 'ijGiiEzppEiDoesyNY6hzWoWQHQx4Pj2yG9_uVDLeP0kJsDv0uCwDreoE7qtviUGXwzWBHtinwzUHg', 'RGufHedhNMAAnXxlC_MxIRgdwV1CMF84hd-4ZzrGzHOZ8HJTa1T46y0Cc-oDbmx0U2e6c8dGWj32NA', 'Rkp3lNh1mtFovsGW6n28p45_lIjsMMSfuFkrmQOkAKRtK2NARe57d_YnsYNofj2plYsCJXvfo_rwkw', 'My3iA4tnLkhX4Mh231m4JMiVJAULBVHvqkUpjL-zK6qQ1xLdFY6RvWznMpLWAnfNq0J5wrBfBQW7Rw', 'UGcWueKCnig7k0-C-EBMOCb8D4LtZfQOIXe8T4cj-CRK4EXHJ0J9crpGbZ7nG3w-Tt1ebmPTCEj1rg', 'Tz7XMN7rYzJLnTwqDznPmgC6E1eYECx4-FS6JmGqgwqysCQH1STuGlWQjOAJ0Pe-NqHfXVCsLQXPeQ', '_IVJZXSG8zmteBzJRLn-2cTaGsM5ah-HqweQMT7ZpLsRUwe2nyaGjnMc2D_jsP_QckEnLqhGty6c2A']","['Mordekaiser', 'LeeSin', 'Qiyana', 'Caitlyn', 'Blitzcrank', 'Yorick', 'Viego', 'Syndra', 'Vayne', 'Morgana']"
EUW1_7125927520,CLASSIC,440,2024-09-21 11:16:13.298000,40,"['Xm0RJdq3RlnA1YyLXjIT9tEgUj24bgHhaHPwFSXKO4ZtwOI3TpXlvcQabaZnsGexf7k6fumW945P0Q', 'epp7Segk0Q908HN4Q8bF8hoxCmlWrxGImNGsI-CP3y6IHgZwj0ADebvn5Ur4_gR_w_AhXs_iRAL8IQ', 'My3iA4tnLkhX4Mh231m4JMiVJAULBVHvqkUpjL-zK6qQ1xLdFY6RvWznMpLWAnfNq0J5wrBfBQW7Rw', 'Tz7XMN7rYzJLnTwqDznPmgC6E1eYECx4-FS6JmGqgwqysCQH1STuGlWQjOAJ0Pe-NqHfXVCsLQXPeQ', '_IVJZXSG8zmteBzJRLn-2cTaGsM5ah-HqweQMT7ZpLsRUwe2nyaGjnMc2D_jsP_QckEnLqhGty6c2A', 'Yd1BM0cIdLggy1R8B4-2Nn1rdUAo2OviTb1sJvRVtyP59eQP8gYzf6b3Wrjm1CkrpLu26PjUiTyg6g', 'QbKNk1xfKlibubppVxNdxFbe179EzMUbRqdaduZeii7e43DZs9iq8LddAFTjej-aurmiTudWNvViqw', '9ElVJOaR3gColgwmCfC6NnrKLCWmkTA7I9VmAmNdlvm2QPr6L2JfdPZbNuxsL6LnSLlkKiRHF3OTiQ', '9Cmu0Ji_lTiP2VNYOMRVIUe7utp8s0ximmzJ1CXaRzkFE8zWmog9Bd7nrSEkPIQafBsSCeVsWfq1PQ', 'ZXqtUvKbtOU4wYoOrK3KT5HcwGgDrnjSmgrV-2Cnb0CkybPWOWk-AgFQ-bxw7nm3BgKa9TqQALZjzA']","['Jax', 'Warwick', 'Sylas', 'Kaisa', 'Lux', 'Chogath', 'MonkeyKing', 'Hwei', 'Lucian', 'Nami']"
EUW1_7125895702,CLASSIC,440,2024-09-21 10:45:34.686000,24,"['9eqn1zCeSaIoqnh1dTbwEXKXr8FRuNsstf3UB0UsMv1YtRBWZAaOYZkOqDFxCGhEIcvlvQQRySHR7Q', 'lNJeG0fcQ3EaV1_KmAhwQbbPa10D1Z4SmxsBbtP6CTOgDc5kyyAwLVDim1jC5o-kyvFmfng0aPg_HQ', 'NZx0n5jjbAspDIHTn8NPOw9E8xw4dIt1prchRmpKO8ucPhe8asV5Y4S6Gv08qFIiSa7wBPTO9lPzUA', 'L65tmyITSowKLUXVgDFH7orWwH3e_D3-UGFepnjLx1Sl0ePrRVcsrIYzUmZ_go2oc_D9GjxS4KUQPQ', '9MkEL3S0thJXMYDYjWMfIDtWRbBcrfId0NfpaHC_Y4EQJ59SZcuiI9BPdzYM9RW0BDOgCJX7dV55WQ', 'zzEqNosZJXoPQdKo6-FJKh_0B5pZHqbxAVI_hcEZLQ7WQrFkhYPwodV9pSmtR6SGcm8MtfHYWTab2Q', 'j6e30tbuzxkyxVVztJkvI0pEc9Oj7-2IUMVraDzMsdJg4c1ccTDsgMhIj4jEuD0tHnHdTNQ2e1u-Ag', 'My3iA4tnLkhX4Mh231m4JMiVJAULBVHvqkUpjL-zK6qQ1xLdFY6RvWznMpLWAnfNq0J5wrBfBQW7Rw', 'Tz7XMN7rYzJLnTwqDznPmgC6E1eYECx4-FS6JmGqgwqysCQH1STuGlWQjOAJ0Pe-NqHfXVCsLQXPeQ', '_IVJZXSG8zmteBzJRLn-2cTaGsM5ah-HqweQMT7ZpLsRUwe2nyaGjnMc2D_jsP_QckEnLqhGty6c2A']","['Warwick', 'Diana', 'Yasuo', 'Ezreal', 'Sona', 'Malphite', 'Khazix', 'Sylas', 'MissFortune', 'Morgana']"
EUW1_7125854806,CLASSIC,440,2024-09-21 10:04:18.480000,29,"['7osH-YDdq5MJkZhFYHUDdpVI4MZIQ9uSR8xfghXdrt_3Q8An5URTnuoe4Rk-6b09smkfs2yPLFxQfw', 'MRJKyzDHxPEG66FAqTi7Nvd64cAR-G0I1OzFDNT7hLG73u5amhhgah5XJ3krZ-yGEdUuvpY1_1ugCA', 'GEpkd40HNrw6iWlW2799c2zqvHVG9NnSObphift2MPyEy3Md66mepOnhSDV_qmKZ0xDhr45R0634aA', 'hgnWvmMf_M5HVXRHSsIZFuUeCP7sGIU63QXBPftUycWYKx8UZSH1dLA3vrV-27HIlbqHer2oXsvQvA', '6bTVIPD8hrvPGgyD9Up7TkKxzQtCGkZvZN-BPdztnl21uL9JS_xaxpG6h-oJYYBP51GpCeN90WaghA', '7dwKTYz6_LGFNHd1X_Y5kWZuc3kwos6eHLHAhYtqKW2cpVyz03cz-cbZQuGfkHHkLACXh13KpE0c6A', '_IVJZXSG8zmteBzJRLn-2cTaGsM5ah-HqweQMT7ZpLsRUwe2nyaGjnMc2D_jsP_QckEnLqhGty6c2A', 'My3iA4tnLkhX4Mh231m4JMiVJAULBVHvqkUpjL-zK6qQ1xLdFY6RvWznMpLWAnfNq0J5wrBfBQW7Rw', 'Tz7XMN7rYzJLnTwqDznPmgC6E1eYECx4-FS6JmGqgwqysCQH1STuGlWQjOAJ0Pe-NqHfXVCsLQXPeQ', '0Ml57ApzU2EoeCviMinmplYkJrrt37TF4qPN2u4c9SuLLS3Aik-ZhLwnY8R-LIEe0Kqj_qD4V_x09Q']","['TahmKench', 'JarvanIV', 'Ahri', 'Ashe', 'Braum', 'Singed', 'Nocturne', 'Sylas', 'Jinx', 'Lulu']"
EUW1_7125808932,CLASSIC,420,2024-09-21 09:06:06.267000,43,"['4AYj4oxzV7bn2OnuibGrkweVMrEDXrNwXmgUSByJhE8IMXZVVTxHCghjAb0GvEUjWUIYZRw9PTFjmw', 'h1Eza67VFPJG2KYlX2LsQJWiYAMvJHtEQkUMcJJE8ytO0hbwEuGCHut3q4quVq8WymEhbft6rF-0Nw', 'fZrQDvCMpeGDl1DR_k97g92BndF3vlFksMi0xNeH8Yf38pzK_GiZS--9rnT0frXSHrgwDrBfnIQKAg', '0l7eDQRx8P6Icz7WqplsTKZqUDRrN69ceoxrYIvwZ0pvgmuP7jaJODhwk2dN2djgxdE4F4uhr_Ywkg', 'Tz7XMN7rYzJLnTwqDznPmgC6E1eYECx4-FS6JmGqgwqysCQH1STuGlWQjOAJ0Pe-NqHfXVCsLQXPeQ', 'pn7drsZ4bnW2egMBzj2pJ4WI6RP7I0bJCx3krZZN4kERcaKH3fr-nsfRe2VX2J-0Hwbb2SifZkbgnQ', 'Dkm7O-RjnR-AXiruLtEbS4UIevZqCxvuNDxal7YFHbYTxBMJaP1OiV1hwqjFh-SHVmygL5noZpOU0g', '1PRRFyhNBrPXpe1wwQNnDyqj4tKQ9rhEnY8yt2XK_ZhzPpkyT5LRMuV-iS9tI7BjgbLiCiUEIBT1Dw', 'xmkoF2RPUh98PoOUYVFvtolWCguk7W4hHy_ck1rsliCgbQ67BbsyaK-gPbhiFeoG6QhcZ_AxbUF7eA', 'yIO21K6kpkHayWiYFyNJBnX9D5UdPrR1Y-b5MbE0UuxiRcjP4bode5KygE9hFcBHm_Z5Cvty2lrYIg']","['Garen', 'Nocturne', 'Sylas', 'Jinx', 'Neeko', 'Zac', 'MasterYi', 'Vladimir', 'Caitlyn', 'Lulu']"
EUW1_7125781186,CLASSIC,420,2024-09-21 08:27:48.342000,29,"['8bwRNIRCa3hkI7nox_r-0RIS2qMTnjr8B8hT_uxIi3_daVTYnOwRLYdvZtVtnou-bxEXvv2X2D0q3w', '6qjvk91Krrv_ot6Z2k8rDxsHf955TTO6L5Yuun8bewtj94Kc3vi1IC_P3-DZmcLhsLGTCVhPlNk-DQ', 'Bwl4jDT9xTIfa897Ugzj46is-U5SlolR1t8Lsbczo6OR_22I4Ql5zgQgYb0QKq4HnvaNSnpWwGXWjg', '6n38cOyrbHJ_ZPiKKyn71B_K097lj9n20SXT9ng8YxR9wrVX8eEcqyyRzK-sZ0SFIJLwvYrvPRRXHA', 'Tz7XMN7rYzJLnTwqDznPmgC6E1eYECx4-FS6JmGqgwqysCQH1STuGlWQjOAJ0Pe-NqHfXVCsLQXPeQ', 'LeK8nx3YLprN0lP0dFHArPD2feOUjTlgKBWo646O34BJZesX-LtFPaevbzUvOR5ldyTMS27IderWNw', 'dciRJqdZDPFfGZ1z59KhRkI1rcWEySgGeuhrN9j2_Zo_R79e7o338BCGqHJVKfYOcnydBDimyAmoMw', 'oZmULx3irETfEYoFrcPJU8P1_S7iIjxHWnGTbTgk3xo-nILVwnNfYCvlNntC8RuCUGUWvrmtB2fA8Q', 'qJQvFSZqg9VeNibTh732tdpIBxpOKLS-9Ysz65ZnFhOu7YmmiRx-CNDoXVbh_69KJ-2yvISOvdaCHg', 'nVsGnp68KxL5FdXm0sU7uvHIiXv0Y6MCf_PebatvnmVQtHXdVZzv6GYL73jHmwv8Dv289Q93j3u3BQ']","['Renekton', 'FiddleSticks', 'Aurora', 'Seraphine', 'Lux', 'Morgana', 'Viego', 'Hwei', 'Caitlyn', 'Sona']"
EUW1_7124374909,CLASSIC,440,2024-09-19 21:33:51.670000,16,"['jFZGyMFJjIypEFllJFNLpCwUaeoaCbjo4wSIcfELLdZVN_YfGWqdapqvhbw8reNAwkRTVio0woJ0qA', 'gCKfCKA6wz1hCuX16-ewU3-5CkTNohlAAmIX2QGpRUqufmin-AWNdIRNYwaf0TPdwxaRLCG5yA12Ug', 'ysBcoWqAAOjOFBX1dbOzSg14DiO9Qey9H3pLBsPvy81aIxRpNljMZZzyIDnj94lxmqRZaGxSGLNTxA', 'LgVuG-jTXlR6tHiJTzeegGr3038C_fSzMq8J5-FUM_R1cX9fU2_sfCuq4MxJmeIbr-kMRhuBXyyxXg', 'Ccqtm5Gym0Syz4au1MMz45m87tBNP9-7_CltVdarXeU4J3OfRukG6Oj9Cm0uXEQPLznk3QsTVuZddQ', 'USBTCTxxUV3Buj_K9UiuHi8W8zkmk9LBuKtzV9euMBgIHphGdgRXCmbw5s74O5d2HhNGRS6RLG64kw', 'HV6r__KKfbRD5A0NwVZW5AEKHWPaQAyKXTXrpC-tvfKoQAPaEyU4C_kEyvJTSQFG5MwY9SMBkLhLug', 'Y1hizkVZYKIrIQc7-Bm2jZNqULl82lnYdYZUAsueekomM3skBbYq2JglVHTte2LWttIHwojDnMtMLA', 'hFRN--Z6QhubShJ850O_yvkbeuQ9u-GSymAjPTwnCHPYsQ6887RTf3JLZXrw-cc8IA876NzTUKTymQ', 'Tz7XMN7rYzJLnTwqDznPmgC6E1eYECx4-FS6JmGqgwqysCQH1STuGlWQjOAJ0Pe-NqHfXVCsLQXPeQ']","['Yorick', 'Volibear', 'Malzahar', 'Jhin', 'Swain', 'Camille', 'Sejuani', 'Sylas', 'Xayah', 'Blitzcrank']"
EUW1_7124346659,CLASSIC,440,2024-09-19 21:09:24.595000,13,"['B6ncLAiZPf5BBz1Gx-TREWxm7N6p-spEgiW-3kG3IIGmt1m1ZPvUXTtK_OWhpANe3bMj2RjmU_YvdA', 'AX9FX8NHQ1o2RQQWNlEMdc7S4bEbSIxkqzGYD3M7gG6qWD6ECKuDQFMBn4Dlqm6RhqAd3rAoHjPm9A', 'm2_eI2MsTyqzKxMLNy6IjXRvsgMe-PVbwRLzoW8eMisJDZZ1G9q3FjkG10dtQYj2V2B1vsySMpoyog', '_yiK7W7DDevWQaCpcmJBftg7Fp09uYrQuMkp6oi-AlOUkblGoaJEHFSfhzNyBms2rMFxkYrMwDIjDA', '3HYFOwL7x88dwVDCrvrvilMkNy3mk_THD6Ej55Jp5Ehlfz4LraeHHUhuISYEn8f2NvMpIX1q0csTng', 'zZ5oy2QCthzFjYVN7JciM76QMPMAT4DQB84XhCinCf87goUsnlC-bNjx49tGd2BsCx3lBQaZVEZ5dQ', 'smPRm2S7QYXjoFCELtRPCuWuZ8sxMho6zq4tflZBWd1Yfxd3karKHF2743LnN-P3T_jai0gDV75BMQ', 'Y1hizkVZYKIrIQc7-Bm2jZNqULl82lnYdYZUAsueekomM3skBbYq2JglVHTte2LWttIHwojDnMtMLA', 'hFRN--Z6QhubShJ850O_yvkbeuQ9u-GSymAjPTwnCHPYsQ6887RTf3JLZXrw-cc8IA876NzTUKTymQ', 'Tz7XMN7rYzJLnTwqDznPmgC6E1eYECx4-FS6JmGqgwqysCQH1STuGlWQjOAJ0Pe-NqHfXVCsLQXPeQ']","['Darius', 'Amumu', 'Galio', 'Jhin', 'Leona', 'Aatrox', 'Diana', 'Sylas', 'Ahri', 'Pyke']"
EUW1_7124293883,CLASSIC,440,2024-09-19 20:36:55.684000,24,"['Lb43uCOETU08EjD5jBp43QMP2EvjSfdTsAX5xjhmhvfc4fUU1pNG2JfB7RX_85sEWgAQh3-LdHcVRw', 'JEhoQSefNFm1RnRwm0Rr_VsiAQH8t2NKLfd1I2Hfe6hvGw0K_QkRKfVoXXokFVG9Z5Tre_kRWOLUog', 'ZOyQ7egoASoFPmr91Nh3Ha-NQj2FIN89I_a3UYehy1rgk04-DgQv2ckZNuZNeE7Ga5B_vXOhb9IGUA', 'tcxqqlNhESaVMdJbi_2Jtts6DmZrdHjqX3RM6-7jalDWwC4SYGZuBy1pz9gPzjewlUWnVIjbIQD0Zw', 'GGp0S6KjgwXkf-H7y1GISwZ2mUQYwdLf1Y2GYMTjfEPSVIURFEMrXpA85S_VNUNokhKkCrrJQ19nHg', 'haLCkoQ-yTK_0aFOtM4S0ePDNxxWSYJIZALT_VTRpri63C_7Me-DIj83nr5nBlwvnMYD8DFhVG5LDg', 'kFtl9JLt0ZvT0s5x0XgbT3KGWZ09jhvFcZIkN-2ZW9bYYkJQVe8ZpLRF3FGHBi3pwOf0VCujwGz_pA', 'Y1hizkVZYKIrIQc7-Bm2jZNqULl82lnYdYZUAsueekomM3skBbYq2JglVHTte2LWttIHwojDnMtMLA', 'hFRN--Z6QhubShJ850O_yvkbeuQ9u-GSymAjPTwnCHPYsQ6887RTf3JLZXrw-cc8IA876NzTUKTymQ', 'Tz7XMN7rYzJLnTwqDznPmgC6E1eYECx4-FS6JmGqgwqysCQH1STuGlWQjOAJ0Pe-NqHfXVCsLQXPeQ']","['Garen', 'MasterYi', 'Corki', 'Jhin', 'Galio', 'Teemo', 'Nunu', 'Vladimir', 'MissFortune', 'Nami']"
EUW1_7124224428,CLASSIC,440,2024-09-19 19:53:48.898000,34,"['fNVppa5ewGy9yk45o2sCONnHpqx-1srdCBUhXN9i6VRIck6v32wmOA8QAcJ8E1zjW_ZAorSxLfhYhg', 'MIByXiPnAqRAwEBETut7pJEmyulETR9wa9oK_2fcBaCc72vmfuJCGkRnU91zsJ10l0U525q4kcfuYQ', 'Y1hizkVZYKIrIQc7-Bm2jZNqULl82lnYdYZUAsueekomM3skBbYq2JglVHTte2LWttIHwojDnMtMLA', 'hFRN--Z6QhubShJ850O_yvkbeuQ9u-GSymAjPTwnCHPYsQ6887RTf3JLZXrw-cc8IA876NzTUKTymQ', 'Tz7XMN7rYzJLnTwqDznPmgC6E1eYECx4-FS6JmGqgwqysCQH1STuGlWQjOAJ0Pe-NqHfXVCsLQXPeQ', 'WpTlh-gkitmrRpNBVd0PmhamU6W22cOq3plu-Ts-wRQvJCh_0zs8-XNczPeU8JPqVxtkcA03UqRHTw', 'EsUkOZCo4Jwm203_uGXKYzmdt1iMS4nX9EqlB2Cd-p348mhlDWCqFQT-OTzFgIbyzw8ncpZ3gseRuw', 'eNNcFHee1dwK_84SlVZd9wBfwkPMhy5oBTyiigw1a-iM9rlnnCqfjkCkirUNqL6Je-xvWNpnJsUycA', '6MvHuODQJE1OeFFGDOT46hXqOdYmhddz9vT1-lCPr7a98BRYMd5INmOtA0YiMGO3jB6K3aCya040Gg', '0tiYG2P7Zgg0B7GejSs_pyi2gOUp6_GDHVlsgw52iaVvOmeiB0qe7smZCvsQ8_W7H6IIG7Ej7Mx33g']","['Rengar', 'Kindred', 'Sylas', 'Caitlyn', 'Karma', 'Garen', 'Warwick', 'Veigar', 'MissFortune', 'Thresh']"
EUW1_7124156613,CLASSIC,440,2024-09-19 19:05:07.505000,30,"['Tvnx9J2VIGi4wmh37_Cmp6DlTPjIojqzt9yjCzeBy0faE-Jy-gZ1acQMFWnjOzDx0GJUkl2KZhG8Fw', 'ZH1fqnIXJzo87vYQ_Hph7JWkdFZ3laFsbZOU8-nkxiQmipfne9vHnLuzw3_WgcXrdVskOtlJYzmkCA', 'NLT4r8s4gyHpNuXg2ZId-fBsVO7A5hXO3wGXF778GTDwyY0wkOCk9uBaDlhOMv0_xXpynKZC53tF5Q', '8gCFHDzaanxvR0DNf45LNrAWHmMWqhXxD9Fos6szRvjrE4kGwOVPIb9PPFY8GNi6KV7TTgiAAIQI7Q', 'lCdt5S2DJ_gcqOvwyGwNp3ywm0MIwceznMUgoHd-hXedZdPfNN5gKEKyvj04BUzzeM4krIq_KBc_fA', '3VmYEsRXA4jBr6rf6sFGIRI-5i1zUdAFvWx-piAO9XpWXPCqZWDYevsYMRm1LqIW5FHMV8C2VgzKIQ', 'Tz7XMN7rYzJLnTwqDznPmgC6E1eYECx4-FS6JmGqgwqysCQH1STuGlWQjOAJ0Pe-NqHfXVCsLQXPeQ', 'Y1hizkVZYKIrIQc7-Bm2jZNqULl82lnYdYZUAsueekomM3skBbYq2JglVHTte2LWttIHwojDnMtMLA', 'aJgYqT6WQFzR7gBodUykrYr4ccQW-ihRwAT8M_SsF_0PtBJuQwQV4XjXOoUzBfiRhchcVgbW8qNjyw', 'rgF3Buy-67V43hUVrJ36OsJMzA6Ocx-Yi6gLjcNQpLAqWUNmOLeckyQePbqVukpI_MBCjPts-UIc2Q']","['DrMundo', 'Nocturne', 'Zyra', 'Caitlyn', 'Xerath', 'Sion', 'Evelynn', 'Sylas', 'Veigar', 'Ziggs']"
EUW1_7124077923,CLASSIC,420,2024-09-19 18:12:28.048000,36,"['lKjvjAxn9DTBCQ1B7SsesnvYUwGTmUNbzumBR-pUfvrCW_cVFqHFC3tc85lQgNHbnjAS8wHcgeAgYg', 'xUvqIO6Kj6u33q7PLavg_E7knbQdRL2_2wcb-QqzFfzV8BNRS2O3j3PxIiseID3ItgJHne-bFoEhcg', 'Lzw7M3JfCRRg7FkbmVCE5Fku-D25Qwrv3BCzU_k-2GSC2_Njkwyd20okzRkwRW4z2d8dX_hFR-j3yg', 'OWB_ZwIjw29WyBsO4nIWYAZqGMHAjS5Q1FLGW_tJXAnFZdbj6kSIQ6OaNMM6upRzotE6TxZOrvk2Ng', 'Tz7XMN7rYzJLnTwqDznPmgC6E1eYECx4-FS6JmGqgwqysCQH1STuGlWQjOAJ0Pe-NqHfXVCsLQXPeQ', '0jN7YaDggBK6Z3Fk9ZcDrg6L9bn9N5yHmd26el53peEVRrhkNbTVxSNaTHevRe8kkXSVuXIaggxhKg', 'k7w3F0wWwPRfhMHrJ71zQcmPiNh0-PF7m4HNkJVMyt6ufJnzuFsg8MSNPRlnG6ckrE740QFLyuIVfg', 'WiI9uiHWwVwJPz4Woatg8h0_4QEUu7ywtw4qmW2J0HRQ_jDb6TNd3pxpBJMYq6jWMo_M88gvXQFCXw', 'HC3Q1NRHllPkeN8SjQuYOZ8Rx6oqto51uC0EJwBHhIfZz-6xPfXJnfBmdzQxrDLznI_K2DGPQo5qIQ', 'pDR2mIrpZJfsSrrDM_pUuJbSIwfb8icgl2LiIpBzQFjW4MprYty1UT8Wwm84_z9S694aSm92hsY5Cw']","['Aatrox', 'Hecarim', 'Vex', 'Tristana', 'Sona', 'Sion', 'Sylas', 'AurelionSol', 'Samira', 'Lux']"
EUW1_7121815692,CLASSIC,420,2024-09-17 17:58:46.820000,38,"['T341Z6ShDsyJJDItp2C-ejvndyds1k_NUngWl0QdolBxuJG7Uis8TRkhtM4y2vw0mELVP0QGl6u4YQ', 'Aq48wxAWwHnVC5NgrjpqaIHxEJPFGmwNj9HZ-5WNvduNaPDH4WzGkz5wlQd_S1Lo10TtpdAtnoAPog', 'ptPJwuEGCNOIv2RDdRR7H-5bBTIZ01Ah5t_42VAWCaZq7YeyJnGpCifkD4E5Yqd2bNgmIt1veSFWrw', '_IVJZXSG8zmteBzJRLn-2cTaGsM5ah-HqweQMT7ZpLsRUwe2nyaGjnMc2D_jsP_QckEnLqhGty6c2A', 'Tz7XMN7rYzJLnTwqDznPmgC6E1eYECx4-FS6JmGqgwqysCQH1STuGlWQjOAJ0Pe-NqHfXVCsLQXPeQ', 'tANsZ2DY9eFw2gg15Uim7703nnCT6NbbbfPpbhDujRYCJPeyOTl9LJC3DlmpTrKRQFbGnE_RsV-VsQ', 'ZLzkWTwT9MjEyagCfOYKXgG4R8UjuG-GPv9TxjbkLShuiKc9ZUjf2NaWO_ltq_1hnZDFjG4GBHWEiA', 'yfa07XVfbjR3wxonl5Uhdge1j-RepVhBLMKf-twsC_bbk6GdYBbwiPD_opkuHnd1ZYbMnpDSXtqB_w', 'hTZYg14hZVboB1op4Rc4OM0r1LeXB9jLcRZZbxoyGROTE_A_oNkay2W8yMV7DJIT06Go9XPgsrvVgQ', 'WzePnv1yVMWIqwu3sfnEFyR_w110Z954MOpgsT0dBJV_UH3TBItrYAiu8RnHSxtL6ajolrCekeCtDA']","['Zac', 'LeeSin', 'Vladimir', 'Sivir', 'Lux', 'Sion', 'Gragas', 'Vex', 'Kaisa', 'Zyra']"
EUW1_7121751950,CLASSIC,420,2024-09-17 17:14:27.211000,40,"['mM_854_yLrglwjrPNvQffVhp_zXYhiu4xOx075sQqd_l3cEgX6iVzbCE5NR9lSNSFZtykPl1SBNwuw', 'uwTw1w20At5Wh4P4YUEWKr18qtGb266xtfxAjTyOiSu-3EORTVXRl6hMt1W5vX998b8913FfUjp9FQ', 'AWAXJSTj4Xl8NyG4j4r7Vua_2I376ctjJSxYEc4deufqgKIYz5nWE76v7lnXI5aKlI-T3G2boBLHAQ', '_IVJZXSG8zmteBzJRLn-2cTaGsM5ah-HqweQMT7ZpLsRUwe2nyaGjnMc2D_jsP_QckEnLqhGty6c2A', 'Tz7XMN7rYzJLnTwqDznPmgC6E1eYECx4-FS6JmGqgwqysCQH1STuGlWQjOAJ0Pe-NqHfXVCsLQXPeQ', 'xPXZwyAwxXeBEdcpK2QlqFDRQGpVr5vArQN8qYceaADLqPNFcdZNNNrgb-ZjHjqCXloJQnMWxPXJ7g', 'Tfboj5pMKsTqwmaIny8_-7D7JiWTUaJ98wG2oN9A1Uyq4DsGLB5X7f0GeMGKiPyAgqvqsRhQmn0uQQ', 'M9I5GBJyeXPzFNi2E7mbYQSZOoz0v44vJZeEBulVdvIqc92DJmy1FmhLOq42_mqlyCzMncX0ntJMJQ', '55u90DshEfqB28ApYnl7ndytGIS_qPBnN3oMYx90fdeClYBGO27oG2soVmpLnbJk5zeoFPdP4rPdQw', 'eLklai7hnr2H-h6kfVIdYhEJkyu8DM_rFyDbZLXoSUnXExPt7sAiZVVBlpQuccK9lyYwAvRcPVTLeg']","['Jax', 'Evelynn', 'Velkoz', 'MissFortune', 'Morgana', 'Vladimir', 'Shaco', 'Malzahar', 'Yasuo', 'Gragas']"
EUW1_7120758347,CLASSIC,440,2024-09-16 18:59:56.966000,37,"['fhwqpxzldpvH-RdrEwVW8ARsCYwLQi-ngqVEgGp_3nJ0gfPnSmGH8dUmJ_1e0npFoEpOtTEjLTnA8Q', 'Bcz6NWRtHUG8WUy6CpYI88QZadgXIP5vT3ePpDArhQ4kmmSdVPD4nP1LDwn1vq48U_YzKCMqnoqi7Q', 'm5BpRxhT0TFVlfFs6MRmaEfjNGUYgD5pHMff-C88xSnJonvVKvdssMjEH7tjGdZlJbzGcIvrx9SDIg', 'n6Wf4YBUYo3sYW70qp12sfCIROQj_tn2Hz7F6kwZI9MHecuVxjMpSHaang-DuLOoDOsGIWJBSVvpiA', 'HSCaArxag3D43uC-XlKOmDGT8erdnBf4F2la3XJ1B5m6W8eeG8qN2OguvUidu_QAgGPH7vai9iLrHg', 'U08PU1BgtmR0-YcO2qXRBCyAVNxb75s1AkRr6tKgXXKfJnnIInSlWp8jr1j0cwU9ro2-6Onll4qS1A', 'Lha23krlJiRrONSLlfJGOeiT6PJM7WM-UILq9Symh-ohEbqr-w6vczcfzY_YAFbCRk4b4cDVIgaGcQ', 'MRn60yl1IoM9dIOX_U3-rVQNbvOpJOq6AaILNAKsktp8QhDk3yqV23YUXdgTxTVKWGMY4Ih_2z9W2w', 'My3iA4tnLkhX4Mh231m4JMiVJAULBVHvqkUpjL-zK6qQ1xLdFY6RvWznMpLWAnfNq0J5wrBfBQW7Rw', 'Tz7XMN7rYzJLnTwqDznPmgC6E1eYECx4-FS6JmGqgwqysCQH1STuGlWQjOAJ0Pe-NqHfXVCsLQXPeQ']","['Pantheon', 'Amumu', 'Jax', 'Lucian', 'Lulu', 'Vladimir', 'Shaco', 'Jayce', 'Sylas', 'Leona']"
EUW1_7120694105,CLASSIC,440,2024-09-16 18:20:35.774000,32,"['vLtC9wchkJAR6fRiN8tt_GKODmVyCVhGWwtnRi8hKmCvjIjIeI4ah7zxiwNshp2gCYlNA066i5A0ZA', 'uPB5JE-48BnKk4UITGbIwE9BXW7c4dNuKUfgsGB1vMilPGTXBnMX3NDgAkIkBsJWCMBH1U3q5G8awA', 'H0A6nGqLG7M2PFlge0-9ulhIZkDFP4qkzYldtL765-XBD60avshVLBmXGy7UWolFv33RLNVgIa2rmQ', 'AdkEjKZONUwtLzANanWqn35uP39KDzxfzD2w9s3XvZ7lbusCLl7NziljpaIBd9oIxm0SdWDXfQPtDQ', 'Okbu26pwR6AeRddY51f_KuO7w7EwcBFCkR7h0NfbQiwEeaiOoGtPEXXlN3Vbc7nGDin0kgQH362H1A', 'VkkcxW8TqAmKv0XkPkg57ko62C4-P2wMMtk0EbeQifJ9Ikh3Hw6Mbto4MbsQuWIsyYdDPOIW96b7ng', 'My3iA4tnLkhX4Mh231m4JMiVJAULBVHvqkUpjL-zK6qQ1xLdFY6RvWznMpLWAnfNq0J5wrBfBQW7Rw', 'hFRN--Z6QhubShJ850O_yvkbeuQ9u-GSymAjPTwnCHPYsQ6887RTf3JLZXrw-cc8IA876NzTUKTymQ', 'yytgN9p5451xJA5IhSpFgzgIfmntjzcL-FuPmK540f7xU6W4Syj2dlN9QLVUCIJAQVb8ZXneEXYG0g', 'Tz7XMN7rYzJLnTwqDznPmgC6E1eYECx4-FS6JmGqgwqysCQH1STuGlWQjOAJ0Pe-NqHfXVCsLQXPeQ']","['Rumble', 'Viego', 'Ziggs', 'Senna', 'Lulu', 'Smolder', 'Sylas', 'Caitlyn', 'Shen', 'Nami']"
EUW1_7120655050,CLASSIC,440,2024-09-16 17:53:22.447000,21,"['Ff79_kJCvcrdKSlqYJQx7hctkQMxsxGoJnSVV5Rv1P9ALSlYJmmgLfcDiAKGMDxPi4I3pdBS3Jy9_Q', 'nSSd4OEHoYEFhW9SqTVRzyQVvCF-2AwrtROnSnK8hZmu9Cuik3uBtZn0qCcbHPfWHDtpbatj_HHdQg', '0AsWCy18ewqooKDSUD55gLuMhVD5C-pOMU4ST06_rLlWVo3yJKsY_UiIWLqUs-a1a0KJRVE5mP1VdQ', 'eCZSIoRWoAJ9sx6K0uf64-fq48QIYAOXduLJ6pQJ1a9MXemKurrFdzbGcxSI9_fvrHn7bqq2MOJsrQ', '168Ffb8yunGmc7w-j-pNAaUcmcNba3KPhZsUKVCy6nBELVUWRpZ9dxXTkQ6Pj1juEf5fQRHopiumpg', 'OXuEP2fg7xjt5a2Tr49tIeYRVD9-6cj_pX0-qYo_Uu9wG-ddBEYXcTQbrgU5QYkzuPJo7tD74NZDtw', 'My3iA4tnLkhX4Mh231m4JMiVJAULBVHvqkUpjL-zK6qQ1xLdFY6RvWznMpLWAnfNq0J5wrBfBQW7Rw', 'hFRN--Z6QhubShJ850O_yvkbeuQ9u-GSymAjPTwnCHPYsQ6887RTf3JLZXrw-cc8IA876NzTUKTymQ', 'eBNJ2J-W59zkj5pyyvkc0xcVT3ftb74ds9_mArwqDeNXJJASStcmAn8nXR8dtI1RWvyGwtO0CB7xUw', 'Tz7XMN7rYzJLnTwqDznPmgC6E1eYECx4-FS6JmGqgwqysCQH1STuGlWQjOAJ0Pe-NqHfXVCsLQXPeQ']","['Shaco', 'Yone', 'Leblanc', 'Jinx', 'Janna', 'Garen', 'Sylas', 'Ahri', 'Caitlyn', 'Lux']"
EUW1_7040918592,CLASSIC,400,2024-07-25 21:33:57.733000,37,"['IYFa7GN6qC_0P3F1yve82u7YVRP-KpJE34VymFzVcqb7RhOd3Z190KRsPL4or2lHp47iv0Bwpb59tA', '6ZPkLTxT6076_MpmqWt3p8CsMOXRiptnSF9bb44IkDD0utYvddaa_Cvhzf42aKigHeNLePe741XQkQ', 'Hnf7qvKBZCMNAA3tB7lQPvVLPSX009EafsqR2ghHFB5xDCjgjTE5ImnlfiAY5rzTi34oxduReJoi_A', 'MA4NC_iq5Qt8KKBY2CAVdU77sHwQk4M34cVpXUdrSGoxSW8yh-deksf4BmiuP76ZNhmp4t-xqRCuLw', 'Tz7XMN7rYzJLnTwqDznPmgC6E1eYECx4-FS6JmGqgwqysCQH1STuGlWQjOAJ0Pe-NqHfXVCsLQXPeQ', 'WJYml2KuegHevPNDhQ3uzcMB5Nvb9RLaJC2krlXztb-KFyrvEJz7T4Sixn7og7jrWzZzFh7iYWvkPQ', 'FbzqhI_MgUGIbIs0b1XenVrSRB3i5kx2kI9ywbhAJ4GEISOuGRlBUg38wY7t6Dn_bNStTLBXkmsqSg', 'a_6tRbJjSfumectNpsqWsbTxOE6b1HjmCoy4KcxrsPirgFIfLfOKXxJrcM2crqhmCNg7BWeX6OZs0A', 'syxpEVpTwpoVMj3UH-pjS2cmLB1Gjhn82YTYIbuh3pcGOUMAfiEQJ2NaNLZ6QSsOjfGMc6C38uYRAA', 'sRXUWs6usya8JqpJUgsiPrxXLqLS84GSDJDrYlFD3gi5P8RjIuHqu3RmWyg_PWWv2XPmrDduM5Ll-w']","['Graves', 'Kled', 'Ezreal', 'Lux', 'Soraka', 'Tristana', 'LeeSin', 'TahmKench', 'Volibear', 'Ahri']"
EUW1_7040793366,CLASSIC,400,2024-07-25 21:00:21.139000,27,"['CU76e7wqo9W5nSxotHd1SNPNhUnn5VX61iIgPJN_ptMpMCIN-YCV6nPII9rM2-2KUy9G_szhsHRThA', '_LMGvFoap8E430J0NgU4Mki-wVaDzgZtp1Bz86dPeRLvtet6geus2klnZB5epH6wUf-l1dbuhEhMwQ', 'cH_8-497KjdmE0czhkWxuNCTSZ0GPe5TYnM019hmyzoYJpft3m2FOXZhdrRfkOKgVM-t95IvaD2fFg', '18UxToltXRG4_UNPp-bvEgZ6WrOK3ExYhXDDoMymhzbn7THbHDJ2iuTbrpgoG6savUWpQDL0XuGvww', 'Cl2OVuXj9yf4YJ-TCiVpFVYwCY9D3IU8gRrHjSGuMsO8TMaAdiPPk2FWNeR7aFnJabYwqy4BlHvMag', 'EVtcgPg53QAE58s-aqTerhJFvmv7epseVwmBKrmjg7i1MnQs1qvqa6eFgmrHsBbc0MhECIsgpTu59g', 'Hnf7qvKBZCMNAA3tB7lQPvVLPSX009EafsqR2ghHFB5xDCjgjTE5ImnlfiAY5rzTi34oxduReJoi_A', 'MA4NC_iq5Qt8KKBY2CAVdU77sHwQk4M34cVpXUdrSGoxSW8yh-deksf4BmiuP76ZNhmp4t-xqRCuLw', 'LtlyW6cJcJjpKRRB02vnjVaFak4_WbC65CDUSm-WjqR_DUZ7I19VuVKSO5arjZJlUiGJjwWvMDX91Q', 'Tz7XMN7rYzJLnTwqDznPmgC6E1eYECx4-FS6JmGqgwqysCQH1STuGlWQjOAJ0Pe-NqHfXVCsLQXPeQ']","['Brand', 'Thresh', 'Skarner', 'Darius', 'Aurora', 'Heimerdinger', 'Zeri', 'Shyvana', 'Veigar', 'Nami']"
EUW1_6956286942,CLASSIC,400,2024-05-29 20:00:16.931000,30,"['9F83Ur0Bqw8gHEgjeDdANGx5SthxIlVvt4RYNc2jGhpifTn7I37qsPAgfwGCv0P359UanD2UNCnKiA', 'nqdl78pK80q5SKiv0eueN30BBgldsq1adNyHZog2BJ91GKNDsDNze6U1BWaoS_Ou1ggWwD4advrRUQ', 'xfC7c_4HUk2ZX6CbNtZHAmNb24r67RX2qGULFKAUyivEO658oex2eXS7EeQ1HrsHTCmmKebmM94WoQ', 'CndTivZClOym3OAh8fB0B8W4Sm-Oih0Dt7kFpx9ARRaGmarCHVVG6frXVKM9TkZXeqahTJeqs7Di-A', '8bVU9ZiaHEvAul0YkrMl2meD7WEBZgIFVLfd8t9fepNci-omOFtOGkiNfdrhuEaJa910Gh40a49vuw', '8r_ASiFyYuol3JHNbGN9n957DzlHxZiLgYwKvGK9mowAWMr2I8dh42UTiqmtlpJJZOchvzciJD_0bA', 'RireqNbCb-aHek1v4-_2FrR6aAR66b8ic7AmzCzBGQIkyCUM4p1S-mu8JDl0jFHcl6OmGHlyOt-sXQ', 'gVBtnElahIbrKbipZYTxGMS5lx6y7vgcw2G-3K4hcu2ApaPioznEMy-AI2QaVF7JpoqhRGg5Ydu8Hg', '1T_qkYxUN1LFNDHyWNtcWXnFANAaKDY7SG7aSNm7N9Em2ZX99BQSRIaPwIPcJH9mNg9zsPUwz-oSyw', 'Tz7XMN7rYzJLnTwqDznPmgC6E1eYECx4-FS6JmGqgwqysCQH1STuGlWQjOAJ0Pe-NqHfXVCsLQXPeQ']","['Sett', 'Sejuani', 'TwistedFate', 'Ashe', 'Rell', 'Kled', 'Warwick', 'Yone', 'Kaisa', 'Nami']"
EUW1_6952437046,CLASSIC,400,2024-05-26 11:29:04.718000,23,"['TUBkMCISryEsvTsIpwNr95H_P9RhzMbg7PY7MdBsITTwRoksFFKJv63cf921LrVAFvxv_-MIH6J_aA', 'W6Dlb-TXmnZXJBUPtx8wGcVKGV60Md1uWeF1oY5R1WpbnVLFvuoRmvTHl6w0B4hkTGsX9zHwHYZpTQ', '1yAUYy_W54fGIaPOfPxYTcmsPdcS2O3CpfrCKvjvvYn8zF-wU66QXnHEP_lyYuDosUKsqDmUDxhzzQ', 'VOXnS001ExsZJW_smNGkWeXHCw0GtxZl3d3ECtoBLlkg09SKVJ4Kbpohn6qM6tj1NWbu5XUnDsqQ3g', 'ckFRiY1XKsZoJj63-F9iS-yL53cGKdjl-eG9zUkBwRST82W6-gEvfScUSyRsPN0xAEcYBLwdwHz2Dw', 'Ui63xbM7Ba7PWuFd3__RTPpLQj9wNx1jR1H2BWWTk381VNmaXrjd3hEGDlm06Cavn_WQaJYWUaUXEw', 'eA-mt5VSY0sBzfIq5_Al-98V1KG4fZYe03eHyikPy-uaaQLPrZFrhXJbg0L1ZlzYGx0u7Kglb_6smA', 'Zmng_ugcDQFrFIZ3dU6lSG3kbkEOutA_zVk0Tfljz4LXOnmGaH25AUbYlYfR9z72yN2RQKRXmNjhjg', 'MA4NC_iq5Qt8KKBY2CAVdU77sHwQk4M34cVpXUdrSGoxSW8yh-deksf4BmiuP76ZNhmp4t-xqRCuLw', 'Tz7XMN7rYzJLnTwqDznPmgC6E1eYECx4-FS6JmGqgwqysCQH1STuGlWQjOAJ0Pe-NqHfXVCsLQXPeQ']","['Darius', 'Nidalee', 'Jayce', 'Draven', 'Alistar', 'Gangplank', 'Garen', 'Ahri', 'Sivir', 'Nami']"
EUW1_6952418839,CHERRY,1700,2024-05-26 11:07:23.387000,24,"['DIUBlZJx16CgNCFUIAcgzl1sqje1te1TIECN6uasZWZINfR3SBHf9_pA9khWBUHl1w4KkcpLcHTBJg', '6Cu-btZNPhhaJaV8deygFJzl-ZUaKbVbpzw8PuPvcZM0F3LIvwIkPYVVUf3xClCDWLCUIJxka78vYQ', '4mJ7y4I-LvgLoVsCrEYwLW--RA4uPa-ZpYNdv0wQzZqg2Jzs-60wVvfyQbg2OwddCepM-Tc55uzKTw', 'AE8Ep_VhxfflVoVQKYifMBP8crjDfs5jbODzLhq7RR0nRBHhVvyN0LU-YqSNnIaGoZ9jKp17uSAzgg', 'lkM2SNZtaU8AGrI5PAtPCB-vZpCpZilgYIgPMyC26yiQP6Z2tKMbyPnPJ04hpEBwbi976UwK--hEwA', 'nd6-hcdcN2HbayS8ZdPyN3c5wicC57zLFz9lwTOzbqUs43XJHyplfg_iyllFXyAVwZXPNinBcBSRdw', 'HzUVDFq9RFYWkV71wVt4RPIu9ocE-PFnAdCuPRUrCHm6v3lOnoHmRxz9uEvn58pYxYkTMifdOeNYOA', '3M6sfvseNBpki1LQl6F8mD9htJL2ymO4ld8lJBbf3VFoPYVoYzBXPszoUj-Nh1yS99SGH23fN4Qy8A', '97cUjlAkEIRa-hLIZD8v8U0olme0rDlFr8SRPiTysQNroqeAKbw4Kd1K_QIvcJI18vExI8wzkfhWHg', 'Lraauy7LtZ3QAX8H2loq2Bv45BPil5veHuumOPSxIUgblPwI99TRKkUUcq0tYAoWr673qaucuRXrAg', 'MA4NC_iq5Qt8KKBY2CAVdU77sHwQk4M34cVpXUdrSGoxSW8yh-deksf4BmiuP76ZNhmp4t-xqRCuLw', 'Tz7XMN7rYzJLnTwqDznPmgC6E1eYECx4-FS6JmGqgwqysCQH1STuGlWQjOAJ0Pe-NqHfXVCsLQXPeQ', 'NaP-tCIVw2K6s7PM6fxXMAuNFuo4YlkMS4oUCvmnv3hYNtO8L3QMdW69DE3t_5UMTKkz9g6mTN4MOQ', 'fIfBqiMOufG1uoakKotbXYMxDdVdSKoW83Q9Ydyk2Hywu2Dw_Zf6K2h0mfy56mn6eGTJx4V2qBWy7g', 'oxqCMZTABNRRZywrEJyF_UIqSVIUKnEKuaahJXWafCRoJgwb2GtpGtrFtIE9pReidnxgf_31R7BybQ', 'ANUvlObklDlGhodlj8ssFXr8u_NsuLR71wr7DvVWIvT4THvP82Og1c3V1wFuPM0Jrns6dAGVKx2BqQ']","['Heimerdinger', 'Galio', 'Sett', 'DrMundo', 'Brand', 'Garen', 'Maokai', 'Nautilus', 'Sejuani', 'Sett', 'Nilah', 'Nami', 'Volibear', 'Blitzcrank', 'Varus', 'Orianna']"
EUW1_6948567831,CLASSIC,400,2024-05-22 19:57:57.841000,33,"['QoJNu8dUwV2vXJ7UEGUlgG2gfaQd55niccF4OQfeFrhLCv7U_Y97EGlF42ZmDVkTz8HgHxiki23e9g', 'C-HLWV8vKr8icX-ic7kc4tP_uDYdWlKyCWyNr_UTyrF_kEVJh42MLzmY1H8zErcUkjTv7ZqxYeGFeA', 'hFRN--Z6QhubShJ850O_yvkbeuQ9u-GSymAjPTwnCHPYsQ6887RTf3JLZXrw-cc8IA876NzTUKTymQ', '1T_qkYxUN1LFNDHyWNtcWXnFANAaKDY7SG7aSNm7N9Em2ZX99BQSRIaPwIPcJH9mNg9zsPUwz-oSyw', 'Tz7XMN7rYzJLnTwqDznPmgC6E1eYECx4-FS6JmGqgwqysCQH1STuGlWQjOAJ0Pe-NqHfXVCsLQXPeQ', 'JdCZ9zGRUVYyxRk1xpnAWyLiXp2CBNkwpJe1PkmT1Vy9KRYRue5CqypVHNvUZQa3We88Vhv9Sw9lvg', 'mCxNVJSGd3kEpVGig9_iz-FYi-F_OedepF0UY54N-72BhU5Jw7C5pTyI7O6ryJah3j6uSuDtWcmWBg', 'B5LG7loedQBbuZCHR97lWx44_Nj5jWjquX8A6WRCBeGAQxMhNt8Yvdzp5qMum9_o44l1kjN-0zDcdg', 'CjpKHRj_4sHKI0K9qd9xsxLRruy32daLrNwikr3Q88dPGzDWr1vnNkquF4w3skuAj6cl4_F85xXtXw', 'JCbQw7-cY8TASlvg-StoxWJe2mFtA1Srkm8h6TDvNvsJY36RhzREMrewFswZ8P08TT6r0oMVs29zsQ']","['Yone', 'MasterYi', 'Ahri', 'Kaisa', 'Morgana', 'Garen', 'Kindred', 'Vex', 'Caitlyn', 'Lux']"
EUW1_6859806175,CLASSIC,400,2024-03-17 14:19:40.498000,17,"['NKUVLdRyK6j8a22GYXc-EdfaTQyj1kp0e5WuKz7mzCsIsf4oypo-0IAf4utN7BIJK0r6jV15fXVC6g', 'U_QqQTfuT9BhIvFzK7FM6twPs8WgWh1WCz2OH2xKBzxI4JCC8NtB5hi2JLgqe-TkT2xEF4TjUsbcwg', 'X-Z1Y3zQToEcBv88jVgs0wMlhAL_SLKxkcNEL3D6qjNOvFIigJJVHogpXxRS_Td9bnJJpiHQPTJ25w', 'Tz7XMN7rYzJLnTwqDznPmgC6E1eYECx4-FS6JmGqgwqysCQH1STuGlWQjOAJ0Pe-NqHfXVCsLQXPeQ', 'JDM-4rscxBUyyx6PuEBdbnVsYsILBEMfmZud1z8tJEnQ4wwjIGicE_Y35RM_4mseMMw31Stvt38BKA', 'JwLzPI5ZZXCcnca43RZnz3OMRSdY-oZRVHu9dV3SfoU-OMtyGqjJ21UC6SVtwNxA3VAovvtl1sfioQ', 'EPaN0JyPJYXLdFu-uXQWEK8dlGOsKYku_lsxkzd7KfRXBiSWC_KLoDS1ZVhDSNElFw0J9BSIASe4DQ', '9JR3aWaWxsW1Xf7QTDzgSRlsuZKejkrBJ2ZCa45Fge_NIh6UC9f0rl1r9yI7qz6B22QAGyA8FWknpQ', '8ADu1LlXJWtjv1H4tLTLNhGlOuamXZK5JzzC57fHchjp9Es05LyglF5bH6m-kRE05yqKBHYsGgp8tQ', 'o60Dqum0HNxAZmFC-rEiYZMEaaFlDFuYoUgIuoN7FLWVwg-v_Y2P5eIN9-e62AeJwzmalBFGnksphw']","['Mordekaiser', 'Kindred', 'Yone', 'Vayne', 'Pyke', 'Irelia', 'Amumu', 'Naafiri', 'MissFortune', 'XinZhao']"
EUW1_6849750059,CLASSIC,400,2024-03-09 21:56:51.860000,54,"['Twm-M5IsIXIEjklp9MNQWelWdhhlMFJhvIeoFot3eaXck201p18KVTKBE3bUWqkwfYGXqB426tEH1A', 'FPvIoW351NJZl8mvqTb_42SG2XGr2gnmcXDMsBsUZcI06Ilt8DcarHGMCsHJ6rjefzoD9CFQjiO_Gg', 'Z12GWJdYFi-XNQ8YeQMJxFrHS0-HyatqeHDnQZtyK4b5v90167XO1dVLVkD8WKS2MJkKtTtfqD0RMQ', 'KQYsbHfx8X9Evazgr51Fqne15oUiYNpSBM1fd3yYO6fNGidP3S5d1NETI1990YbaSvsdOU4OZp7ilg', 'wjIfU8z5OSArFgYWwJ7HlmswzpRtHAP_4zjkjdY4-fD6pAIKX7dl4KkXASkCaep4GYrrrCaK-TpNew', '45Ln8r95F4o7-o_6k7p01sOg--mGdJWXheG8ff2dyOIyj6fZSpFNDyuTJADwRFqrzQPIn22_ZoFXuw', 'YYCwVkUnYX615aYF-ZbMaschAEFks6pIvCigbrdi42aQet3jgxpyAOEWeob7IFhLQ7vdVep_ndtxbQ', 'EXeY8QNXBQ3BFltzgkGMhFr-bz1nqoR--DXxNdcVRfdU9ucFtrm62hdO8r-2yaD3rt_HJpLlN7gx6Q', 'MA4NC_iq5Qt8KKBY2CAVdU77sHwQk4M34cVpXUdrSGoxSW8yh-deksf4BmiuP76ZNhmp4t-xqRCuLw', 'Tz7XMN7rYzJLnTwqDznPmgC6E1eYECx4-FS6JmGqgwqysCQH1STuGlWQjOAJ0Pe-NqHfXVCsLQXPeQ']","['Yasuo', 'Kayn', 'Sylas', 'Samira', 'Pyke', 'Yone', 'Nunu', 'Azir', 'Draven', 'Nami']"
EUW1_6849686904,CLASSIC,400,2024-03-09 21:16:28.011000,33,"['sdRDNuLLMI4e-lxPpJrDOllTQrCToc-3ipDvqsz9GNOGZuiTIRkPLs6bOty_ObNPfKsXVDEKYRuyDA', 'MChpdeU4Z43umMOKm4fi6wGCavTBc7uoVWKtFky3NqbrrBWw3q8CDJjk7ycYOUUMVNHOOBV7nMxR8Q', 'MA4NC_iq5Qt8KKBY2CAVdU77sHwQk4M34cVpXUdrSGoxSW8yh-deksf4BmiuP76ZNhmp4t-xqRCuLw', '2FnSsLuNdjKKfZI4bBboU7DxHUzQ-zwRQzUTVcQOF6EeZ288yM_WCLhbKSbM1jpr3DOrvdIMIkLw9Q', 'Tz7XMN7rYzJLnTwqDznPmgC6E1eYECx4-FS6JmGqgwqysCQH1STuGlWQjOAJ0Pe-NqHfXVCsLQXPeQ', 'SoBwVx14lyKtWBHYsv7Je5I0ngA8wNvmT3Ax3zMCYeeu1Lv6dcIx6rvnqYQoamAAk0aH5TvI_acfrg', 'L6v96zimYbFYZuAyF8xXMHFt6vQn73JPSLcqCmtOOUv9LNcC4BDhjBW-2lM5AUGLoC3l6XcVgUU-ZA', '-G5kHCyXKt-QZlQlsWGmsOcSwMmlbL7K8-DPq8IyQREItP3T45jyAF_oU_gcoJzaDN4a8SQWNbQRDg', 'ZU6uyutgQryYSrvqFYHpfdBLYy2USjzGN_vfyM5tek_PWxdOkVSofenHBrMk9YV4JaBDpaujx8DFEA', 'aeJxfdMKbro8ousMaP2dv_xAh7xTvPkluRAfanfEH7BCx9YmumLbCtZRZdRnzouQOKUK5masjsx46g']","['Jayce', 'Nunu', 'Leblanc', 'KogMaw', 'Nami', 'Chogath', 'Evelynn', 'Kaisa', 'Samira', 'Senna']"
EUW1_6830094221,CLASSIC,400,2024-02-24 17:39:27.435000,23,"['NhiQg8YANVtjm1qPggThWf3uizWT6vjCbErRBruv_parVOBdYtuyr9tU4-NJdWmOpW2CtBgOtlETuA', 'XyIFF1KRTsfrmm7TG8rlYjokkHGEYjuk-uzBh_17uacLHOQRdlJLJex3PxTKceinrNfPHesMUn1vXg', 'eV2JLk6eGK_AfNL7KgMXFApbwlDnBE86n-xUG-lLk2lHsZbo4hriBLOCOulEAMVwAo8-Muv7Hp-6xQ', 'U_QqQTfuT9BhIvFzK7FM6twPs8WgWh1WCz2OH2xKBzxI4JCC8NtB5hi2JLgqe-TkT2xEF4TjUsbcwg', 'Tz7XMN7rYzJLnTwqDznPmgC6E1eYECx4-FS6JmGqgwqysCQH1STuGlWQjOAJ0Pe-NqHfXVCsLQXPeQ', 'LWz4BwNY70jKDE5ycnwPKX2WYNHCCMqxvAU8Ra-GR09dRpcxHAa_Rorfm6f8IH1NkU0t_A8oIgFxvw', 'k_ZLFVAsOokrH_wfJYmfgrYg-5BcCvBROSjCuio6WWxDHghpKcBF6pe2lOyAU8iFY_uy9btUUJTq5w', 'QwRcwLZ-q27BJj1M_loZqQ5jSL3V-oh9bWH4wEOjuM8v70xIpvubQMFsMe3y2Z3PY50c9ByI6ZlCPQ', '5l5STaZRdHTMbYfOkc15xKDcnu2u0JA-x9Soj6b7bREoxpIBz-Aeli8hLoOoNabpEiftMG25sDnPPg', '2cveqKQqX42VkkMqovbraq9SPbYI17RLxtqSdC3edaeMy6CF76IKqQtpPDwFOcZsSrIwbUK-gpXcWA']","['Maokai', 'Zac', 'Yasuo', 'Seraphine', 'Nami', 'Sion', 'Warwick', 'Talon', 'Draven', 'Teemo']"
EUW1_6827244053,CLASSIC,440,2024-02-22 19:34:13.508000,30,"['Tz7XMN7rYzJLnTwqDznPmgC6E1eYECx4-FS6JmGqgwqysCQH1STuGlWQjOAJ0Pe-NqHfXVCsLQXPeQ', 'Esn_MuNlQlczoR2JW9K4695tB-EZNkD_5uqB_QqnZywJU96rg2XCHBZAQgJNdGtgd66uKm6yftg4Kg', 'mXLPqBH1e--1Ux9baxcQ5L9Vj5jli3fYmRde82xhKmXRv5zRsXEG1vowmt4_QbU8W9oJiQ3u98o3Bw', 'U_QqQTfuT9BhIvFzK7FM6twPs8WgWh1WCz2OH2xKBzxI4JCC8NtB5hi2JLgqe-TkT2xEF4TjUsbcwg', 'eV2JLk6eGK_AfNL7KgMXFApbwlDnBE86n-xUG-lLk2lHsZbo4hriBLOCOulEAMVwAo8-Muv7Hp-6xQ', 'ykKIM50fm7phDi1-YTGkhhFz76p5sDKaaUtLwlnAfbtqe2n3RIsjdhSU8zLwJlgcj8KUbLo2DNTzCw', 'HP9xDV5oRb6fPHc8XNVRa7khScnKi3dAkVKbDOok_oWpgZoC5jD94J5-nUkJ9kY__sON_Z75cHPgeA', 'ucwtkuklRYL6LIi9UYjfH-RR0vR_gyzSXVyDwefEcMaGwjmSTzJtJGOGjL-G59K2b2l9mDfOGmJ0rQ', 'jmWTrXPM3VaFAqygJ0N0aqNReWUBUvelPNiAnpl3QAB3m_LCA5dG24tZ4thSCWVQ5Qc_ri4VlMme7A', '2xLypT-NnF6N5NNmQ7aHqqld0kPBdH6oNSzag9lN8azOBw_jHFc3Y7l93NIJXf6IVjU_ZFis1G-jkw']","['Katarina', 'Viego', 'Seraphine', 'Kaisa', 'Ashe', 'Jax', 'FiddleSticks', 'Kassadin', 'Kindred', 'Swain']"
EUW1_6827203541,CLASSIC,440,2024-02-22 19:08:04.139000,22,"['vO3DT0rUOp0P4UYFqcLfn0heOhKLCgLDya9Hw4CMYXt6xzlBuOrqLedbcOPE07DentaCQ_N63cjRGA', 'XD-9YQyXiXU_cwhjQIq_L6HeGMY7buMF5JwVoihR7zVpq6-osdbmjyt4mBWHAPfHlOe3IK7yGlH1cA', 'AGaXwu_0PU3piXWdRbsW_C-SMY58DySAQzYLiv68bX4LwJch5SfSczyguHjMptNdofTSDfuyl5j0Iw', 'Ugo_s-fkLcT42lhGFUPv_ImkqDMKPCZx7rUsHPjAGOAYGHCVVHeQh41djdeam-KzyzQT61-an4ehVw', 'vjIQkT5FspGdG3WbLnOyPRTiEitNUuqDpWhL5BweOpMxf8_tANdmvyDooRadadGNrS6H_j1HvPfBJw', 'Tz7XMN7rYzJLnTwqDznPmgC6E1eYECx4-FS6JmGqgwqysCQH1STuGlWQjOAJ0Pe-NqHfXVCsLQXPeQ', 'Esn_MuNlQlczoR2JW9K4695tB-EZNkD_5uqB_QqnZywJU96rg2XCHBZAQgJNdGtgd66uKm6yftg4Kg', 'mXLPqBH1e--1Ux9baxcQ5L9Vj5jli3fYmRde82xhKmXRv5zRsXEG1vowmt4_QbU8W9oJiQ3u98o3Bw', 'U_QqQTfuT9BhIvFzK7FM6twPs8WgWh1WCz2OH2xKBzxI4JCC8NtB5hi2JLgqe-TkT2xEF4TjUsbcwg', 'eV2JLk6eGK_AfNL7KgMXFApbwlDnBE86n-xUG-lLk2lHsZbo4hriBLOCOulEAMVwAo8-Muv7Hp-6xQ']","['Sion', 'Trundle', 'Azir', 'Caitlyn', 'Lux', 'Irelia', 'Ivern', 'Teemo', 'Kaisa', 'Ashe']"
EUW1_6827144112,CLASSIC,440,2024-02-22 18:41:01.434000,22,"['Tz7XMN7rYzJLnTwqDznPmgC6E1eYECx4-FS6JmGqgwqysCQH1STuGlWQjOAJ0Pe-NqHfXVCsLQXPeQ', 'Esn_MuNlQlczoR2JW9K4695tB-EZNkD_5uqB_QqnZywJU96rg2XCHBZAQgJNdGtgd66uKm6yftg4Kg', 'mXLPqBH1e--1Ux9baxcQ5L9Vj5jli3fYmRde82xhKmXRv5zRsXEG1vowmt4_QbU8W9oJiQ3u98o3Bw', 'U_QqQTfuT9BhIvFzK7FM6twPs8WgWh1WCz2OH2xKBzxI4JCC8NtB5hi2JLgqe-TkT2xEF4TjUsbcwg', 'eV2JLk6eGK_AfNL7KgMXFApbwlDnBE86n-xUG-lLk2lHsZbo4hriBLOCOulEAMVwAo8-Muv7Hp-6xQ', 'uBRd1esXr8zQpxDT4NMIIt-jehEhtHMZSpfI4eFDdncjo099OCt25EOXJw1a08EX0SruDyVth-XPSQ', 'n6p3zB9MAGcdhAoAictQ5Qr9DUtARPpfxgj9Cxn6HW-qgTCd_nAsYv1HDysZM5UG8cNOuV1vOABRwA', 'MznKlKSLaKkYrndmBOMO65doU7zp13yM9_8kV-9yU6DjJ4tFJ7i5SrBmPrzhVzpSaLv6LhrvlAwzbw', 'PhbJBF3kOAzNRk6xOehsy15ViOrCkG_h3gWph9zDS2bopiq_XfBy7vafo_qe6SfeFflOOSLl_HFvqg', 'eV836WfEj_f82IzLoC8VpiHr66y6rAFOP-vYSs1uG23RZkVd7AqMboVA5QcvITE8Vjy6Ba7TvHfIpw']","['Yasuo', 'Briar', 'Lux', 'Kaisa', 'Rakan', 'Aatrox', 'Khazix', 'Veigar', 'Tristana', 'Rell']"
EUW1_6819284582,CLASSIC,440,2024-02-17 11:11:14.796000,45,"['_uIrZs_c1uSd1_hnUldwlRw49dKcTzCpsEGmcEZzaTBMcR-HzPLfwiSsgrCmwrgiWabrD7Kekcg7MQ', '6JS0Oz1q0xkeu3z95J_tBUXeQn8u0QK7e9bgEV4D6Ufts271dU8CquVi0IYZb9v8SRaijp6DvpBjLA', 'FV-SS4vxBvwTLsidXL6Z_4PG0fjTAOsfoRGhlOoygdx3zVkZ9xokSvIDIX2zkOn6_0jCbjb4IUlGgA', 'R2htdy10uLdsyiRJ-Q0SK3D0L_ByDQGkLQvJrI-VgIXmmDwKdC_nygM6auNxKCgNG_EpT3D9widOEg', 'z0Vxg66hcQ4QRLDD1_7NE-pO_Vr62VZ9XCBd9agsPe1Hz00JhL0QhoVNBpvzrBpcrzY2C-vy3Rq64g', 'F_zmSBRlfWd4vHEScq6fMuyYSwBHAqSpHNNmAoIWbkGDLzfaSa59emHXwQzjxwlcgPH4Gc2BHZxBDg', 'Yz0F1Og4qjZPMxq4bScHWQ4y_WOobfu8Bt8biouQtdv5D2PteJXRtav5LSfxzSbAEChAJmW6IBheSw', 'eV2JLk6eGK_AfNL7KgMXFApbwlDnBE86n-xUG-lLk2lHsZbo4hriBLOCOulEAMVwAo8-Muv7Hp-6xQ', 'Tz7XMN7rYzJLnTwqDznPmgC6E1eYECx4-FS6JmGqgwqysCQH1STuGlWQjOAJ0Pe-NqHfXVCsLQXPeQ', 'U_QqQTfuT9BhIvFzK7FM6twPs8WgWh1WCz2OH2xKBzxI4JCC8NtB5hi2JLgqe-TkT2xEF4TjUsbcwg']","['Illaoi', 'Nocturne', 'AurelionSol', 'Jinx', 'Thresh', 'LeeSin', 'Yorick', 'Smolder', 'Yasuo', 'Yuumi']"
EUW1_6810323322,CLASSIC,440,2024-02-11 12:25:52.790000,45,"['GnQEChvvxRVNmMqw0PnqmNKsFT4mB9DilhhR8MJlqrVUczjbbkbQoXTpG0Zjfcaw7Opfd9lfyd9g5w', 'iZtwSyHxUEr1Vs24xy0uJuSy_TTJznIpu5A0LebpXx4tgNL3O7KbXRXGvpSeGEcW9FqnLcksp6FqNw', 'DwejV0edfudeM8ql8lyepFO3M3C4CcMzUBprx__4U-PNkS2Djs-31vujcFX6XfViVCG9bSvXIViVFw', 'F_XxbVKWtqRMT_C3WwVdq1-Civlut5ZmVQdrnZdYZnJHOErXB4akBXtkqJpYE3kgWN5L8FsL2IuL6A', 'mw1vtN29z05eLa7HmASqmduDUSHSH4oxfvxHWx7hyaJUUiyC9jw_jyf2UkIGnYPlwD1MxMdyyItE7g', 'Dkuuc090GIIU4qAgXSR6YjqV93zgoNXYrRf8J5TlTFxoU2CNbt0YMGbUeRoZxEDCdHDPdvQjs2FCVw', 'WbMfXjo8Gf2awYQ0Cxo0W3mT01Rbn4acZpnVFB66vf8xd0Q-wPHyY9V7itv-5qRXjRsbJAJ0vttNNQ', 'U_QqQTfuT9BhIvFzK7FM6twPs8WgWh1WCz2OH2xKBzxI4JCC8NtB5hi2JLgqe-TkT2xEF4TjUsbcwg', 'Tz7XMN7rYzJLnTwqDznPmgC6E1eYECx4-FS6JmGqgwqysCQH1STuGlWQjOAJ0Pe-NqHfXVCsLQXPeQ', 'mXLPqBH1e--1Ux9baxcQ5L9Vj5jli3fYmRde82xhKmXRv5zRsXEG1vowmt4_QbU8W9oJiQ3u98o3Bw']","['Shen', 'Nunu', 'Viktor', 'Jinx', 'Seraphine', 'Quinn', 'Gragas', 'Akali', 'Sivir', 'Lux']"
EUW1_6810283584,CLASSIC,420,2024-02-11 11:47:18.850000,24,"['_C0gDp_OhqHkKpMYFAX8z-4OHohaHKxNLj6JrjSXosELZub71T5DMEIVGOTZaH70qfJe2vEn5O8A2w', 'y_epWhujSCyMeT73t_-fS--rbDua-9MdnEKKXJoS0VM4G9qdDKtUSjtcnSUsdMXsAB7sm7y89OUUjQ', 'QqYclPg0DK9Tl-O2Fo1gKh_I1TatVBiziqRXXPo_uVIbw58np97R3tAiW68cGyV1R-xVUgOqD50u4w', 'L4kusih0mB1uStY7JtODW25b5-n7ovhKEN4hmmFbWhDaRGRdDGrolTNAT4zBkCczBy0WbmG_Wc7wLw', 'p0bcmRNlbgx167Ioana2EoUQdyi7aOy62eJw8W2YQooPD8ScCkQVqB8x37VYZwd6a8L6hq8F7RWw7A', 'YQ-6_A_heT5NM71lze4pohHjh1j2XEsV098SYaWlYwqJg9ypUJY0-1OiGDYLUdsybx0nGKTiucjsTg', 'l0JfgAiFG_PohvXJANHDl5dIw1xoD6evSSkuok7tfhEEG4UUP6YnBJ0JqQ4aE9PELRjKW-vcoz_wEQ', '5lvg9XVAGSkPrtOhBuofRPaTdxspSNpcIDpSdCFxgos5RPDEn6O_UKwPAzu9ai6YlTZ00BgtlLIHRA', 'Tz7XMN7rYzJLnTwqDznPmgC6E1eYECx4-FS6JmGqgwqysCQH1STuGlWQjOAJ0Pe-NqHfXVCsLQXPeQ', 'U_QqQTfuT9BhIvFzK7FM6twPs8WgWh1WCz2OH2xKBzxI4JCC8NtB5hi2JLgqe-TkT2xEF4TjUsbcwg']","['Darius', 'Zac', 'Akali', 'MissFortune', 'Braum', 'Garen', 'Shaco', 'Neeko', 'Vayne', 'Seraphine']"
EUW1_6810237978,CLASSIC,420,2024-02-11 11:15:47.895000,27,"['_ycq_x2orQ-e4n4fkBgM3f5ChbDjmaxDXkODbYgZONlwrxWzPb-oECBhsYZ2U5SEZzT9VXL5syFUtg', 'ngrvqN5tsOBKjHoAb-Xkq2d84jhiiu3xY649KVuOAz0Xi02COh63DqAJAci4TdowK6b1tD-G1Df2Fg', 'eIZDoQbru-T9fMrxZrGP2b-GPwHmlSQx-r_hFBxgG96inq64dtQeVxQOlNxDtz4ifbMrjHiAbY8CpQ', 'rfjcuzQvbywQmu0qvh63VmjsDzGFka5EhaDSGokzES5fY7J5NSmyLPZimNIAYmkcrHyyaZUAcE-ojw', '9juMDdpc9Y8Uc1daxYgpRmzK0P3A6z_4v5e5zow2OX5I8aRp_bcqKOLOeJp9FWm7h36zCAUDSmEP-w', 'lAFdkjKqFJOTNWl2ilto_tmtoS95QteJtHM0AoVF73BaIwkZrYr9ouy9k_SCyiwIJU03vErg9sONdQ', 'gcckYwTLhj7kQ_eutjFp_XMxlTEDXfV46lIQEimvvf_mt46oJTPWmsbzYNjwa4YUrXrKACLkCc9rvg', 'SNLLZhzpcDBCuZoeU8b0EXkvdhS-w7VAE3KD-iSqG7NUFuuTl772GItUoVaDEJgDPbTTVjj4xfL55Q', 'U_QqQTfuT9BhIvFzK7FM6twPs8WgWh1WCz2OH2xKBzxI4JCC8NtB5hi2JLgqe-TkT2xEF4TjUsbcwg', 'Tz7XMN7rYzJLnTwqDznPmgC6E1eYECx4-FS6JmGqgwqysCQH1STuGlWQjOAJ0Pe-NqHfXVCsLQXPeQ']","['Yorick', 'Briar', 'Malzahar', 'Senna', 'TahmKench', 'Shen', 'Belveth', 'AurelionSol', 'Kaisa', 'Blitzcrank']"
EUW1_6810219577,CLASSIC,420,2024-02-11 10:52:15.955000,19,"['cY3obXY-AXweHCeC3my6k10CWocUAdKCM5lVzpr0jDNY8dwW0XEa6P79vfiBdQ6jTbce1jxeUGokDQ', 'TrJTfiOSwKk7y0ZQcnjce-q56q-_dcU62AQgmHm_kNr6d-tAQHohv3ZczZVSGUm6E0l1O37DljrXIA', 'UDE3g3sUq4U_V2hxAKcTS7dlUDHpKZr39L69Og0c2KKZPNyiJI6J5TCr5t6THqq_9GqnSzdmVaCl_w', 'U_QqQTfuT9BhIvFzK7FM6twPs8WgWh1WCz2OH2xKBzxI4JCC8NtB5hi2JLgqe-TkT2xEF4TjUsbcwg', 'Tz7XMN7rYzJLnTwqDznPmgC6E1eYECx4-FS6JmGqgwqysCQH1STuGlWQjOAJ0Pe-NqHfXVCsLQXPeQ', 'FRPvrNzXc5j6l3dyUs-WPAURn1iJJNvYdA0G_QvGR7s9wAtbWzk9SGCMpayVihEaLlfRi6YeNITbrQ', 'k0Pu2lLNTt-AjfxIBfNMbPGLfJ86E5cUmwzMaKzmc8Q92SuEdSim7SrDgr8gVpsJl8i8losX1KX7OQ', '7PawIf-0n-WkfAjeWV_nZMNuShyo-YqgyDemACQlr6mP6-YYxfaHXQnknAR9MCPPv-CJ3jvDjTMcRA', 'Bi44HO1EdGzkscZyZSqxMoS6b4W1kQ3vv4UeByLp66A4STWDKisas3ggQEDu9DCF50gdT1f4-a9zNA', '8kaDK47KdFmfISmbOniip1w0tXYQbyLCv4WFWjE8dHffJnAkkIFX6bONVVyuZwe7lBZJXCBCqYgx3Q']","['Shen', 'XinZhao', 'Ekko', 'Kaisa', 'Karma', 'Darius', 'LeeSin', 'Katarina', 'MissFortune', 'Thresh']"
EUW1_6806009424,URF,1900,2024-02-08 19:51:36.247000,16,"['RF8mVbR_7-F2L15JM5ZtqGl8YA4LDV8K4CmyYNk0rhOIVdYt3FNBHHGUfpnL7sWwQTEcVg9KZR169Q', 'CfGi3ijQf6Ul-wmN5fT93aorZEIdU_Dm6ZWbrj145gK1MghZi8skEyED6wh6eFAyLmlHN9Z-HkFx-Q', 's3R8Pb_NdaKxRXVgXsEq4-so6VNj3XjSeEp0LjajlA4tcyK1-dFQLNKpKrDr9PQOepR7kypaszRQgw', 'hUAUGS9IOPT3jj-xt7uDZwLvFBAV-nDZUX6AreieA6hoi6EJt4bolIhHYcye4HM3Mti0i_15gwBnlA', 'LPiJB7SMUjHcqhXWufB11j9n32Wn8WwarIbvAjxra1uOZGzIdNZ7aNVx28EcCQnBt-iTzqdoAEohbA', 'U_QqQTfuT9BhIvFzK7FM6twPs8WgWh1WCz2OH2xKBzxI4JCC8NtB5hi2JLgqe-TkT2xEF4TjUsbcwg', 'W8IVd0GOVWvLl1h2_P5FX7LXt8XQbCiYGZT5RhUO0QfEpTtgc_lvpn3LNPZNKTMCrw9xn5lEOWetOA', 'eV2JLk6eGK_AfNL7KgMXFApbwlDnBE86n-xUG-lLk2lHsZbo4hriBLOCOulEAMVwAo8-Muv7Hp-6xQ', 'mXLPqBH1e--1Ux9baxcQ5L9Vj5jli3fYmRde82xhKmXRv5zRsXEG1vowmt4_QbU8W9oJiQ3u98o3Bw', 'Tz7XMN7rYzJLnTwqDznPmgC6E1eYECx4-FS6JmGqgwqysCQH1STuGlWQjOAJ0Pe-NqHfXVCsLQXPeQ']","['Soraka', 'Sett', 'Zed', 'Senna', 'Akali', 'Cassiopeia', 'Lillia', 'Jhin', 'Lux', 'Blitzcrank']"
EUW1_6805951570,CLASSIC,440,2024-02-08 19:23:10.376000,24,"['Tz7XMN7rYzJLnTwqDznPmgC6E1eYECx4-FS6JmGqgwqysCQH1STuGlWQjOAJ0Pe-NqHfXVCsLQXPeQ', 'W8IVd0GOVWvLl1h2_P5FX7LXt8XQbCiYGZT5RhUO0QfEpTtgc_lvpn3LNPZNKTMCrw9xn5lEOWetOA', 'U_QqQTfuT9BhIvFzK7FM6twPs8WgWh1WCz2OH2xKBzxI4JCC8NtB5hi2JLgqe-TkT2xEF4TjUsbcwg', 'eV2JLk6eGK_AfNL7KgMXFApbwlDnBE86n-xUG-lLk2lHsZbo4hriBLOCOulEAMVwAo8-Muv7Hp-6xQ', 'mXLPqBH1e--1Ux9baxcQ5L9Vj5jli3fYmRde82xhKmXRv5zRsXEG1vowmt4_QbU8W9oJiQ3u98o3Bw', 'eJTp5xsdH7WcqdFLVcd2ltvLeUkno6dFPzd3ujrCBmnSyWRDrrlz5PF-W_zzFJjZo41ePhcYdyeszw', 'YsdD2Twm82OAliU9HInBFYI5ia91kpfiGlLq_CtlJhzGyzRC-9AC4urfHlkTjYX4_AclPsBKTfyp5w', 'iNc5rWe4LxiD0gkQNTA6tG0pt3bh8QQmGXAHNTLON4Q-d7IWClXAxB3TbEONCaaEiAwdHIC_9gfrqQ', 'ZUaZ5ENPMIrH1nAhl2fosjXtI0xxSjQo7eX2RzIUmijQ5p17byYOzLP0Kwq8pl4Uuz8WlRcS3vpSdg', '-rVniVimyIt7Yrzt2UWpOy0WrAdRaxrSDaUmBTwZ_BUaIifNst3587u4PnaIEha6MPHOfdOcR-jiBg']","['Irelia', 'Lillia', 'AurelionSol', 'Nilah', 'Lux', 'Gangplank', 'LeeSin', 'Veigar', 'Samira', 'Pyke']"
EUW1_6805877488,CLASSIC,440,2024-02-08 18:48:13.212000,30,"['gKE869_FwhfyQgOl9sT9qFHSHU16O2oSnD1wqu1cjoVvdnKUSMYoz3hTQGdcmxpqQXYxqaudj3cGZA', 'DIpfPuynIhUvXdJxH7Smdbvg1HzO2oPA1FVjMVS4S8UJcVcsDpfPc-gtPpK9tA9Lb9qBVdL2W0YqGg', 'z-9zcwuVfxrsvwcAq_k_u2mmav7EnBq5VAaKBL9gSYtO_Aq8nUQrXObx2q7NYbH-G1vBXFU-hdHRIg', 'Ve2Hzx-7If9-EriT4_u_m9-K9UokZq-S_ohl4wD8g6OTqwk9eLI0dF0lxXo8HQD2q00_HZUeNNq_7A', 'nvvkq2KWmpC1gQxQV-ihWTeA8qxrNiDgUhNO5NsgMEtVpCkFe0ew6cf7hUGiRFOSqfcmZbFzPf-qJg', 'Tz7XMN7rYzJLnTwqDznPmgC6E1eYECx4-FS6JmGqgwqysCQH1STuGlWQjOAJ0Pe-NqHfXVCsLQXPeQ', 'W8IVd0GOVWvLl1h2_P5FX7LXt8XQbCiYGZT5RhUO0QfEpTtgc_lvpn3LNPZNKTMCrw9xn5lEOWetOA', 'U_QqQTfuT9BhIvFzK7FM6twPs8WgWh1WCz2OH2xKBzxI4JCC8NtB5hi2JLgqe-TkT2xEF4TjUsbcwg', 'eV2JLk6eGK_AfNL7KgMXFApbwlDnBE86n-xUG-lLk2lHsZbo4hriBLOCOulEAMVwAo8-Muv7Hp-6xQ', 'mXLPqBH1e--1Ux9baxcQ5L9Vj5jli3fYmRde82xhKmXRv5zRsXEG1vowmt4_QbU8W9oJiQ3u98o3Bw']","['Darius', 'Diana', 'DrMundo', 'Tristana', 'Zyra', 'Nami', 'Lillia', 'Smolder', 'MissFortune', 'Soraka']"
EUW1_6805800771,CLASSIC,440,2024-02-08 18:09:41.464000,31,"['MOtpCAVuQ20Lv-326_5q52i2J8lIXlp5Vulssi7WoJhnnZGbTTVpszRkHCHTSS4iC_hQIAmKKTuJ0g', 'SLVy9aWNV7r_shyscLlZpkht1o3J10N-UQh37g2HDnH7d3TOJmP51r1TjN7tU8R_1uqwdER_0XmrHA', 'F3r5_abCsSEkGjgiEIenYHV4ptQPkBzC5KuBUXfNxz6fHGq2oGIV1bPFCi-weojM-20WhNDsGuRdfA', 'kqnW9SP940AIWWqDHuec75opM-0XJVOCofxcWmXLQLeoX5cZRp1EaVIcbUuep-TMRFm9L0E2MqKbGA', '27rKfBwU_xGyrGEfGtmJBeyr0oYQk2uGEAgWR8K7Nl-NT8293TMN5CUC2a39s5ceZKVHiCy6U2_udQ', 'Tz7XMN7rYzJLnTwqDznPmgC6E1eYECx4-FS6JmGqgwqysCQH1STuGlWQjOAJ0Pe-NqHfXVCsLQXPeQ', 'JvH-05VCr8ZSdabMUjfnEDLKjBiTzbkqf43TEOAf6QPlejbD01zPUpoNiaJUmTJDyzVXeC_jAtyU6g', 'eYEkTHj3icaW0O8HOZHvqWZm8borzbHXUf14nMPX0UC9wMPTr1HMSiW3XZUYahZfQ9L9bK6h55WZTw', 'eV2JLk6eGK_AfNL7KgMXFApbwlDnBE86n-xUG-lLk2lHsZbo4hriBLOCOulEAMVwAo8-Muv7Hp-6xQ', 'U_QqQTfuT9BhIvFzK7FM6twPs8WgWh1WCz2OH2xKBzxI4JCC8NtB5hi2JLgqe-TkT2xEF4TjUsbcwg']","['KSante', 'Trundle', 'Yasuo', 'Vayne', 'Lux', 'Shen', 'Belveth', 'Nautilus', 'Kaisa', 'Seraphine']"
EUW1_6804413727,CLASSIC,420,2024-02-07 19:39:18.599000,33,"['Tz7XMN7rYzJLnTwqDznPmgC6E1eYECx4-FS6JmGqgwqysCQH1STuGlWQjOAJ0Pe-NqHfXVCsLQXPeQ', 'TNF5kT6jICevCvzRoITX13EURn9p8kErsEXCC3XXwRDdvUOSEfUp7ZZDBm42nWXhsUdBLPJ7teB-cw', 'uoKDd3OhcwnEU1Kkjp3mmUvTJSIzFpMeXOHTWniNBvbh5BV1Cbr5Qta-dOkiwhxwUE_0cwzHeT93KA', '7xIQTxXPS_c4fCd4TrG42Ot5dWhqmCJTXAKERO1C8n_i1pKtiwIUTMYIS7Pyubbm6VMYzY4TcTLYmg', 'U_QqQTfuT9BhIvFzK7FM6twPs8WgWh1WCz2OH2xKBzxI4JCC8NtB5hi2JLgqe-TkT2xEF4TjUsbcwg', 'owm6g339a63HBp1PRI8WAqUZQqS7BWKyKBkNrSD1AYEPRVzP21mP5vhRasPkHAJZ8nhCLmc6P6qYhQ', 'w5W-SoXm7Gm8Fn9fiPNUuspdr5WiUvW21hixFpbkRCU9eAkyw1fQb9bcIcuqjiFxXPvTZldyfvHGiQ', 'Qi2tyG2HOvJTPsEoWKnjDtNUgP43tEJntgDjhWzM7MoAUn8LBC_vFGQ95W5aZrCiLMdCSxlanU20TA', 'nbz9L3sx110QicncLZp7j2aTJ_s2GTnkIlDa6g37YYBfPur_vOX1rAhHE_yE-dwI56ETTNQ16Mbxdw', 'AlQKPmBaSyrPRCr1s3hNZqGLohAb3IhM3NOePo4ZWAOIiSVX3P5kM1eg6hfDzhKxH_MdzRhMEcWaqQ']","['Irelia', 'Shaco', 'Akali', 'Ezreal', 'Seraphine', 'Teemo', 'Poppy', 'AurelionSol', 'Twitch', 'Chogath']"
EUW1_6804338058,CLASSIC,420,2024-02-07 19:08:56.128000,20,"['jiG5oprn3rbJR4FHxNOYbUsgR4LlxmwBwenFs90vCekxvDPtULD8NMoWujpjhQnxWtXTpXG_9ZmAPA', 'eqKx88Um4n8JChAVHHbqiCClOP-QXZuFH83MvG1t2XEn35Ad3bocDPoD_flnrBXEsCFi61JuRorWHg', 'VD476Za6Hxcg6NuWjHx6TeBDN_MfkI-n6XCgzy_43xtzzj8MwhP3jlCspCFjENl4O_rIJlunUpQKwg', 'gD0IoNryC_rq8w3LgnsqPsr1Wh4-tQcErZOJf8QyaRiEX5m4LWSpcEecsNcUHEATlTRr34u-JzcUNA', 'X8321Fto55k1eML6xRPcgNkbe8Y-9ZUtbFf8tMbsQRbdWedC93hCJBMiiflvKw--SlKYIXv3bebewA', 'FjJML-u2t4dfzJL2XNdFYJvDhUq22cXuRSGDMOlC79s48PMymHG3nF5HCAuMIcg0V8nPINzhxpIf2w', 't9U32TBIbWqYkvZY0lWkwJAz8DjutUYoZtS-U1gViZKsoenduZQEHadClt8ILEtIziFUDP6UZBeK_Q', 'Tz7XMN7rYzJLnTwqDznPmgC6E1eYECx4-FS6JmGqgwqysCQH1STuGlWQjOAJ0Pe-NqHfXVCsLQXPeQ', 'PaTmEorAjm8D_pgzTM2qojw5cvNRwyBgZlFMWekmGBpjj9fMub4kn9vkmMQbtdoCyHdzvkigS1eafg', 'U_QqQTfuT9BhIvFzK7FM6twPs8WgWh1WCz2OH2xKBzxI4JCC8NtB5hi2JLgqe-TkT2xEF4TjUsbcwg']","['Darius', 'XinZhao', 'Vex', 'Smolder', 'Hwei', 'Garen', 'Nocturne', 'Syndra', 'Jinx', 'Janna']"
EUW1_6801542501,CLASSIC,420,2024-02-05 18:46:49.889000,31,"['oYJj-kXd7dDBIuUQWyTDARhtYvXNwnyILYWmE9ii0sBybCBn4wXWpIxze_gew5UZVYvlImEzDkZWLA', 'PBhL_tlnaso_dL6pOm4Nsk5b-_oQjjf9iN0ihTXRVrjV2fU_EvvQxS-COAzehRuBv7FczFGZTGFZGw', '8af8KYTNM2RBSXU2doTp0VY24KiVK4fT6zgjWC1c5ApGhToED_Ys3e_W95vHb7DFUi-2IdfH1gUurA', 'U4lclGuaP2rP7zAuuTOHgiZ4bjAEk9NgA_vkkkJ5BfREyrqObAbZ41jnJPN9nTW4a8Q1t7AC5SHbwQ', '7ubjeK-ER5euy84WH2crTBOjysQgHK9MvzkQ4L8mUORGy9_oVDZHqIn7mMUJZyXB5d6nHTIpvnlIcw', 'U9NXmHsnAly6mdq5FAEdE1N5IPK9czKWgjCkjSviZaCz0y5I5kqOPTvesThZpUe47XQzcCB4T5xdCA', 'rqUJigkjmOeb0RPiI0Ry2eUcnBR3CITaj9s7Q91lCeVOxkgnB6Z9nHL7bXumvuJpZVaHElWH6fpuyw', 'G5y6AYGGiY1yn1oiNmV95owO1FBZyqo7Vj4BmFPrIDLRbYByuCBO_eTJeDqxzFx2IWooigQEujLxtA', 'U_QqQTfuT9BhIvFzK7FM6twPs8WgWh1WCz2OH2xKBzxI4JCC8NtB5hi2JLgqe-TkT2xEF4TjUsbcwg', 'Tz7XMN7rYzJLnTwqDznPmgC6E1eYECx4-FS6JmGqgwqysCQH1STuGlWQjOAJ0Pe-NqHfXVCsLQXPeQ']","['Anivia', 'MasterYi', 'Akali', 'Twitch', 'Yuumi', 'Ornn', 'Kayn', 'XinZhao', 'Smolder', 'Nami']"
EUW1_6799811398,CLASSIC,420,2024-02-04 15:07:33.361000,34,"['lqPZV7BLHkVRFF0QrFSlT_I0ABFNPW_aTldrmtpt8F1FdmU849Ki-s8jQUK_3kTgDBIoQSzNQRcOBg', 'Cj-8KAaf8utUxPcEHB_nDe2TkuvxnclDmgBQEu4f5n-S6vOgHlhEDipdgNND_oI32298UUYMt7AQBA', 'UNQT3hFxSS7VCmJNqkrfG9r94VzMGV1WXI_kKOO2mV3G3ykF4TkVXrC6Rmpmke12gZJiePuMLg8PLA', 'fEyX-4-LvTs6QY5bDkd4ea8K0g7EYehqeB5QQAQebePATipuoHR_ok1uJGQQcimPs5IThloXwLyqXw', 'GKc4zuiE_iZgXQaNhTlNtU2kHw3QyaeCfFyQuGqQRDQO2ZovMdUsSxmr78mr_kNo219KOVZCbuumlg', '4O4VJF18RTbc4xz3WsXuKqgu5zs3JyfxA4-V6xfIoKOYbPPL6Ifk2PokZ5vZyrdGQkvHtOUe-aeGtA', '7oh-3Jl0IFmRzwJneIjTLfLFWv4ak52XTTvGujaw-yBDT5gtNzkgV0_hXJAqwRmDouI9kEKW8W_15w', '7FgzvCLxjzZ2hkaHIKhlxDj8NHDfxzuCvGNqVRJfqMzPzOQTRkrsAQzc8wkvYnPriTFVTLWfoX2T3A', 'U_QqQTfuT9BhIvFzK7FM6twPs8WgWh1WCz2OH2xKBzxI4JCC8NtB5hi2JLgqe-TkT2xEF4TjUsbcwg', 'Tz7XMN7rYzJLnTwqDznPmgC6E1eYECx4-FS6JmGqgwqysCQH1STuGlWQjOAJ0Pe-NqHfXVCsLQXPeQ']","['TahmKench', 'Kayn', 'Neeko', 'Smolder', 'Teemo', 'Olaf', 'Belveth', 'Akali', 'MissFortune', 'Ahri']"
EUW1_6799753927,CLASSIC,420,2024-02-04 14:29:27.080000,33,"['dAS5GDLIxO2YqPMjqE-c2mFGJO0mh5dTGje92HWTo-wUjrI88TP3HRCFOMO40rAHJyU2rmZl7Y1s5A', 'vZqjaWavMZKgG_yAxymIf_hGlKulN4o6IDaIAhgonKUd1NXE8IOYgo3PPaj2600LMkMRJm4TqEpjcQ', '-bJRS_lEopVWb5L-nCg0SS-7p-v5FHsD9TiWAFNeRVJmUn1IF9hquo7sa2SDlx93Hd3TxTaKuqRn9w', 'U_QqQTfuT9BhIvFzK7FM6twPs8WgWh1WCz2OH2xKBzxI4JCC8NtB5hi2JLgqe-TkT2xEF4TjUsbcwg', 'Tz7XMN7rYzJLnTwqDznPmgC6E1eYECx4-FS6JmGqgwqysCQH1STuGlWQjOAJ0Pe-NqHfXVCsLQXPeQ', 'ROjhOecTxVXYWPX8I3w7-98u_e3AoNT47jIcVO2p88tVSvcxJxuM3WMvTFisjjPzjCeynU-U9wcPdg', 'SrLu-rZzNsserEA5lIb5xmJWH-OnHSVp_iyw9aJl5_Wd_-i231Vk4WIUUUpMVpDqIrIW2bDNGzS7aQ', 'E4ELuHB9DtSZo8W5b5g5TFE0mMPKTZwyUC7yk1WZe_B7fk3EhLnrHEJ3bAb2nF6ZCZO_MqiDDdJElA', 'OxoijuoRF7QsWMY82IX4-H4IFVpNWhzraxMkodRQpqi20wObFYEcUkYefg6NtcO3UYZFbNJlHBjR3Q', 'x-MfBRtl3yMLrZ0bSQqcrNm_Ty480u8bqMQbc5D0blaOBNKdkS4RO37EBP-uvCCgvYwZVptkHzZ0RA']","['Trundle', 'XinZhao', 'Akshan', 'MissFortune', 'Lux', 'Garen', 'MonkeyKing', 'Syndra', 'Smolder', 'Pantheon']"
EUW1_6799714741,CLASSIC,420,2024-02-04 14:03:02.541000,18,"['9eWMIeezNCZy1ABsGvbfbaLVMhpSeJmSudWd9n4utsa_LoogsMfJXa0xxfaNFScjAyDX35YVLPrNyQ', 'uq8nqDt0E5nfHlBC7MJwcJ74-xZwMTkSkwWKhIoHDqBTbukpeGVYu3kMbUe8Bg6enNc-yUc7Z7oaZA', 'nchMyqjDT5oA5zlzLweL6f8otS3g6rKOheEZX7lRHwIk9Ppq-xWAEIUxvmqz0nqX6yBpB9ZqX5nDtA', 'MvzPh1eNty-ikmJhuHaR5hFsgUgRjkjadUTrljE4aT31dT5RVeBDwH9uwRSIKF6aFJCDApaSdqnYIw', 'yKZ4p1W4dCi0DVlr2gJKvGxZnHHObFzXkTOO7IRmrIcMyzt4GJE_GR1ufjI4ce5A7R6h7W1nAzlbUQ', 'Jf78PWKXZVn29YMl7NvWINqo_rCElr4epu3J2ZavC4epc70218QsdNI7m4gmcI1SFOfGnqG3tczT8w', '6eyOJ2PGL5mVteJIW4I3bK7AImkWNT88TFyIw1LbXP5Ki4_SKXmvYvOUmiSOTBajf7brVUHwAMKnCQ', '2BL9LqFAGabes63rCkQ9PgWWI12-DKHkDtUPnR9hGSkiB8TqpQkij3AuDNJcyzX7_LK0jlgKAwaBIw', 'Tz7XMN7rYzJLnTwqDznPmgC6E1eYECx4-FS6JmGqgwqysCQH1STuGlWQjOAJ0Pe-NqHfXVCsLQXPeQ', 'U_QqQTfuT9BhIvFzK7FM6twPs8WgWh1WCz2OH2xKBzxI4JCC8NtB5hi2JLgqe-TkT2xEF4TjUsbcwg']","['Riven', 'Lillia', 'Fizz', 'Vayne', 'Nautilus', 'Trundle', 'Elise', 'Yone', 'Caitlyn', 'Seraphine']"
EUW1_6798464721,CLASSIC,440,2024-02-03 17:43:06.503000,44,"['A0cfodLm0gLjrgJmBtIIvnOtkVHwxkHkv3__qFotk2ik9llEqhMze8yQ8TJjXtceSOVH7TYJQJvoiQ', 'hI89UfXoUTd9CLrQCA1-SxgaRVa62PzZ0ZuPlm1a64G8QQ4V06xl-wV2wo0TZr-RL8RryJwA8G7arg', 'Tz7XMN7rYzJLnTwqDznPmgC6E1eYECx4-FS6JmGqgwqysCQH1STuGlWQjOAJ0Pe-NqHfXVCsLQXPeQ', 'U_QqQTfuT9BhIvFzK7FM6twPs8WgWh1WCz2OH2xKBzxI4JCC8NtB5hi2JLgqe-TkT2xEF4TjUsbcwg', 'mXLPqBH1e--1Ux9baxcQ5L9Vj5jli3fYmRde82xhKmXRv5zRsXEG1vowmt4_QbU8W9oJiQ3u98o3Bw', '99f4-u5DJbvVlCCxjqRc7LWsTHX7IDprjTeFBsMKFyyKm7MhuFt9aImxiKiuqJ6fhHpmUKvo3eLlHw', 'xbRxliAbWzXSM8RDk8hNeeL3Hrhzj4i-JmFbYG79dlsP52Z_mk6Op6AmJqngTG-UniPf9QbNTP3Ybw', '1S87Ke4o-E7F82YcLJ0pf563VjBXBxODumxdgc-Z3QP-DRyo0YVR-mCuNmo6fXn9MX2vj4R1gEw4Ug', 'vMVTEpKkwXK95GCVyQnsfGw68m5EqBRUOvHL329Ivtgta5mHNjdGLCPmgzFhzz5p7-40QOrFCGWxiw', '2Pm8aHrZnpVpWeApKwb5E3-Stxm73sth0rCRSvMA03SCY6qmp-V9l9zYVWA-qrOjHAdzwxrO3z71-w']","['Urgot', 'Kayle', 'Irelia', 'Smolder', 'Morgana', 'Jayce', 'Udyr', 'Anivia', 'Caitlyn', 'Thresh']"
EUW1_6798405458,CLASSIC,440,2024-02-03 17:02:05.361000,24,"['gAY-3yo9YGQ2RTidxpW12W0K1-S5EGC5DbKdvTrf0i9VfcwFu3B-rq_jZVU2CutPpQMPQEj8E8DRXw', 'GHt2c6pE2Liz93YzxKwR2tjlSl6ak9ZNZ9klCQA6O8ESxGyOp-GNWQ3N0wycoVMEGBr7e4LRn7mSqw', 'Tz7XMN7rYzJLnTwqDznPmgC6E1eYECx4-FS6JmGqgwqysCQH1STuGlWQjOAJ0Pe-NqHfXVCsLQXPeQ', 'U_QqQTfuT9BhIvFzK7FM6twPs8WgWh1WCz2OH2xKBzxI4JCC8NtB5hi2JLgqe-TkT2xEF4TjUsbcwg', 'mXLPqBH1e--1Ux9baxcQ5L9Vj5jli3fYmRde82xhKmXRv5zRsXEG1vowmt4_QbU8W9oJiQ3u98o3Bw', 'DQULLzuUe3YlDvs_-6mAqve7I5C1mqVLcL4XAA0SKHBb7FT3jjkORNlPvpigYX2iVGbZ-ZGdTEfFTA', 'JBj65fHBvDCfOGVoyCkVHGmbJJswkO-4sbxtXUTegWjFY2fx5lG1DjNwc7br7iZBzuP6bfpyw3TNMQ', '52p4XBp-YAXTCo89cP_r8hA9jK2bRDa7Sg8oIBpZwpJj-j1x7EAkXLOSAnCQkqlfauv8YgW0gSozzQ', 'W3u3vbzdpmkjhLTHZaM_HaZQSOIYdbuyOyrYe2ZeIhJGdPE3rtiSJLcj2O5q_Hw9sVgpG95mxHnnAg', 'mEI7rW2ulXsDor_gmlYOxI6mRMHNxI8MOVmSIa8SqSAhbhGS4YPHwHW_I_jOrMbIffBub62Jbjak1g']","['Neeko', 'Zac', 'Katarina', 'Smolder', 'Morgana', 'Kled', 'Lillia', 'Lux', 'MissFortune', 'Karma']"
EUW1_6795629008,CLASSIC,400,2024-02-01 21:03:59.459000,45,"['W8IVd0GOVWvLl1h2_P5FX7LXt8XQbCiYGZT5RhUO0QfEpTtgc_lvpn3LNPZNKTMCrw9xn5lEOWetOA', 'HenSre9Sr9mP_Jewgw73gGqTimqlCdt6QErlLfgG63KPMULOdFY2DaJNccziUv8j8KBxtFzn4RJsgQ', 'mXLPqBH1e--1Ux9baxcQ5L9Vj5jli3fYmRde82xhKmXRv5zRsXEG1vowmt4_QbU8W9oJiQ3u98o3Bw', 'U6d01utyDYW70NDQL0JVnuocNthXdMqvfiF6M9Cad5Os_NYv71xgvlfpyA-GOYyMBbJlZHvbe0w_IA', 'Tz7XMN7rYzJLnTwqDznPmgC6E1eYECx4-FS6JmGqgwqysCQH1STuGlWQjOAJ0Pe-NqHfXVCsLQXPeQ', 'K49kiiKhqfLjjRtM3A8qQg7TncZR49bKW5bv-9EfE7DDoAPxb4GI0cxtc4XLIt7yhxi4EPkJoxt2rw', 'SP1HKtWLIy4MZ21OdpbtiWos7x64qpKO8flyrZL3YyRD2Oe4nP6mjutkT8p6dwuFGXlmmsO_Vxq3iw', 'B4qTwnVDFbmd3g-H_ZTykXpPGmty-ud9lpB2Pws5oXx2p74-fS-UfpVLZfJxZAJr7dOsAa3ohu1z1w', 'bI32KtuT96QBoHt1kUXa2tDvOTmoln49RaSliHZw4De8mTGYkYKMZxn7XhNpUAIv4E34RN253M17nQ', '3pJmAALaFH4qfVdPrLspE1dJtHMsag6v6UfvFfCCg_Cdp3_mACY61F5Ikn6mUzNsbG958GnaQ5xxDQ']","['Lillia', 'Kayn', 'Syndra', 'Xayah', 'Rakan', 'Kayle', 'Briar', 'Neeko', 'Smolder', 'Nami']"
EUW1_6795321429,CLASSIC,400,2024-02-01 18:41:08.042000,46,"['83cV1RVNoZF7eg6ErK_ZjHTfOypiUrL_2t4kUVLNHkyMG2y3IRhYjNQ4JQVzm6O2uIY2k19QZOrFJQ', '77SRwrtLYDPhv_pumVhJswmr0N9YqCgTT8mabQc2-3KThPj6b0j2MPcgnsUSqiy-vlVgl9D8G6neQg', 'U_QqQTfuT9BhIvFzK7FM6twPs8WgWh1WCz2OH2xKBzxI4JCC8NtB5hi2JLgqe-TkT2xEF4TjUsbcwg', 'MA4NC_iq5Qt8KKBY2CAVdU77sHwQk4M34cVpXUdrSGoxSW8yh-deksf4BmiuP76ZNhmp4t-xqRCuLw', 'Tz7XMN7rYzJLnTwqDznPmgC6E1eYECx4-FS6JmGqgwqysCQH1STuGlWQjOAJ0Pe-NqHfXVCsLQXPeQ', 'Pw3g4C-cJpZ76YgmF5PxTINBubT9lCuzESSikEXYOwomlsWvzCBl927CL0FDYWFjd0qrFTIEM_DFGg', '43ZKDG1HOnA_yaABBGw-HKPqEkJ29AAIK4iLJADRF24YjNPg8ZMaYoDssP3QgOkhYK7Mv6IF7PEROQ', 'JhQ9C59eHEfjETSsMjMhXr3AKbgov7fRlmR9RxXQ0dqWm4CFI7_HGyk2QNA2owdICe5Gp2NpP3MKhg', 'zQ9-CsN640sUxGCFE794To9Ypfu6aXIRRH4mtNNAPVtMsa6fvgJQZ9UcMISVN1i5rzYzKqA9mF-08A', 'DDjO2sFN8bO9YBs_bZwQwY_PvigBINKWEcrx5YFd8dul5IzM6QR5TkvfnQLYFD9lypAuaU5XEU8udQ']","['Renekton', 'Shaco', 'Yone', 'Nilah', 'Morgana', 'Sion', 'Neeko', 'FiddleSticks', 'Smolder', 'Malzahar']"
EUW1_6795215613,CLASSIC,400,2024-02-01 17:32:28.289000,27,"['mXLPqBH1e--1Ux9baxcQ5L9Vj5jli3fYmRde82xhKmXRv5zRsXEG1vowmt4_QbU8W9oJiQ3u98o3Bw', 'DN7DP_FPej1wKhX8F-ZCPdBJg1cBGb2bBj-X96hIBVSIXPgc0hjp0K95wif2eJ6Eb5QkSGQUlAlO4Q', 'U_QqQTfuT9BhIvFzK7FM6twPs8WgWh1WCz2OH2xKBzxI4JCC8NtB5hi2JLgqe-TkT2xEF4TjUsbcwg', '1T_qkYxUN1LFNDHyWNtcWXnFANAaKDY7SG7aSNm7N9Em2ZX99BQSRIaPwIPcJH9mNg9zsPUwz-oSyw', 'Tz7XMN7rYzJLnTwqDznPmgC6E1eYECx4-FS6JmGqgwqysCQH1STuGlWQjOAJ0Pe-NqHfXVCsLQXPeQ', 'kfEFlZ_TTXrLRLmM90X-HCf7cEVAjDXqoBTxjU5QGkT-bkLKzBa1j3n7aynDFhdeFVd6qsdnYIHwaQ', 'ehP_Ax9FgqHpybHyd860dSc8VW3KpxG2IsOWHyJxP6Rt8SKj9MTUbGlopnvah0IMIqTpR6DQVfkq8A', 'BbVLbQfN7mWltSPxfaR77wsT_XWpcLYSJv2_rzbgUYDG5ar3iYkAEzWEYI7AOsgo9K7eeFZpi5Oppg', 'zF6VMs3QuqVzmPmLQj7EQpznvvUZ7_NDWzy-BBa7CT7bKdRB3uCo88L_MOt9SlIhkWy-KPWUcOjY3g', '8xfEEajNQwp-S67V_w-bIiAPjXUl8H5oAxr2dilf_74nGvtSx-J073__1VBHOvv6c73ChWKtS1Twbw']","['Sett', 'Poppy', 'Smolder', 'Kaisa', 'Morgana', 'Irelia', 'Zac', 'Tristana', 'Vayne', 'Lux']"
EUW1_6795151073,CLASSIC,400,2024-02-01 16:55:24.621000,31,"['mXLPqBH1e--1Ux9baxcQ5L9Vj5jli3fYmRde82xhKmXRv5zRsXEG1vowmt4_QbU8W9oJiQ3u98o3Bw', 'DN7DP_FPej1wKhX8F-ZCPdBJg1cBGb2bBj-X96hIBVSIXPgc0hjp0K95wif2eJ6Eb5QkSGQUlAlO4Q', 'U_QqQTfuT9BhIvFzK7FM6twPs8WgWh1WCz2OH2xKBzxI4JCC8NtB5hi2JLgqe-TkT2xEF4TjUsbcwg', '1T_qkYxUN1LFNDHyWNtcWXnFANAaKDY7SG7aSNm7N9Em2ZX99BQSRIaPwIPcJH9mNg9zsPUwz-oSyw', 'Tz7XMN7rYzJLnTwqDznPmgC6E1eYECx4-FS6JmGqgwqysCQH1STuGlWQjOAJ0Pe-NqHfXVCsLQXPeQ', 'AygTt-vTPPwqX3s6oYh2fFkDpcZom9r97scHZgUagl_UJCiepouVtH1-oklTK4jCSjvEj-wwYEBQ8g', '86yY_LdO9EOGS14SDc5sABg7oL5lHXq52PNw9g3VLZCgRZbxzuzSKXNmKW9JtVuoj1J9iMrbOAW0-Q', 'O_e6K3EB3X9FzOgPpCahaZtTMSGpX75Jo9co7J8UyGM092pIlwDZ6EQpvPyrVGXPlAiHkJ5I_yDf6Q', 'mZ04UNOs6WqU8Gz6MS0egsP0ZyoDLLYDx_17cCvijDm69k7cp16guiqPJLmL_NhviqFyxC3W4LQjSQ', 'IlTCfYlexsfI_JcSAaNAbOtb-ZpC8TzZl_62oVzMgmBnPi0HPcmGHQFad9PJB_l1e7hB93tZKWyGkw']","['Teemo', 'Warwick', 'Smolder', 'Kaisa', 'Nami', 'Mordekaiser', 'Jax', 'Zoe', 'Nilah', 'Leona']"
EUW1_6789122119,CLASSIC,400,2024-01-28 14:44:24.890000,38,"['U_QqQTfuT9BhIvFzK7FM6twPs8WgWh1WCz2OH2xKBzxI4JCC8NtB5hi2JLgqe-TkT2xEF4TjUsbcwg', 'Tz7XMN7rYzJLnTwqDznPmgC6E1eYECx4-FS6JmGqgwqysCQH1STuGlWQjOAJ0Pe-NqHfXVCsLQXPeQ', 'MA4NC_iq5Qt8KKBY2CAVdU77sHwQk4M34cVpXUdrSGoxSW8yh-deksf4BmiuP76ZNhmp4t-xqRCuLw', '1T_qkYxUN1LFNDHyWNtcWXnFANAaKDY7SG7aSNm7N9Em2ZX99BQSRIaPwIPcJH9mNg9zsPUwz-oSyw', 'mXLPqBH1e--1Ux9baxcQ5L9Vj5jli3fYmRde82xhKmXRv5zRsXEG1vowmt4_QbU8W9oJiQ3u98o3Bw', 'Qcmknvs1dOzesMznReBp6rXa_8C_dRKuEeVh9lpY9Qatjq2R3OMddbuiOHA00En3uokMKpOm28LG8A', 'hPeO_cuMgd4cvdJt16wL8Dau1YdZQxhWT35bYsKC6omN-smNlcC7BY2jTxzV1hm82eIN_XLFMXWACw', 'cyyy5q2L6ThMAD9C3_L60nsvpXwc3de0JagldZ1OHRH_vR0mg3XwhKifhDcaS1SNBQnA5inl2xsxJQ', 'HZTbm8e7L_nRgGN8XvYJQql1j4N8fy7uc_SwxsCsFUaZRa4yhR2UEfb9NIHWr90jdPGh9KbzVg3Cqg', 'HVT_EBi7pjnNRN1eIf7k4NR7GysVnbNxsCLa7_pPK2zoHJCRhYpg8k_sJm4MZxY9-ucFu9qMt7mkqw']","['Kayle', 'Warwick', 'Vex', 'Kaisa', 'Soraka', 'Teemo', 'Viego', 'Pantheon', 'Ezreal', 'Karma']"
EUW1_6789050649,CLASSIC,400,2024-01-28 13:55:43.697000,43,"['AVRezT7xhXBLuaB9nvI_aAlKb6I0NARNyZQkc3bCqisxRxT1wfQIVNX4_68AaEFoqzr_OqLK1oZ0vw', 'MA4NC_iq5Qt8KKBY2CAVdU77sHwQk4M34cVpXUdrSGoxSW8yh-deksf4BmiuP76ZNhmp4t-xqRCuLw', 'U_QqQTfuT9BhIvFzK7FM6twPs8WgWh1WCz2OH2xKBzxI4JCC8NtB5hi2JLgqe-TkT2xEF4TjUsbcwg', '1T_qkYxUN1LFNDHyWNtcWXnFANAaKDY7SG7aSNm7N9Em2ZX99BQSRIaPwIPcJH9mNg9zsPUwz-oSyw', 'Tz7XMN7rYzJLnTwqDznPmgC6E1eYECx4-FS6JmGqgwqysCQH1STuGlWQjOAJ0Pe-NqHfXVCsLQXPeQ', '_dm9IZd4O58EgRqvBPs5C40bBzTjgsQWidgmDtweYKl5Y6jsz8gLU1iI5Q0Tkd7zrV_he-kQQ7i64A', 'cc7xpmd2iwGnyw7jz1DK_Dy3SI2r2V4c8JmQn9PfVsbMurOWsYMRdE5-Tv7jxjvzolzmlwXctLngxA', 'pgp-4i4afncIio54h0TiQPywoM4oZcIzOBrjUYbsxNHfe5lmlaVYbAAazPSw3X7jJrgVngbp7oV9aQ', '3N4Bbkq-BrbXYkZVS-ESy5gNHawM7rGEzXzZ06HXt0kMgjTOAsG6ExQnfS0GSvEYHkyDMCLfGD5tGQ', 'rvoGWTmvv_vzliLNfxQydMfnjrEVDt-U584m2bBS4EwDF1BkCGRgxZ_479Irth-hjbLMRSYjmcNA1w']","['Aatrox', 'Shyvana', 'Varus', 'Kaisa', 'Braum', 'Malphite', 'Diana', 'Zyra', 'Draven', 'Maokai']"
